Item ID,Item Name,Category,Subcategory,Collection,Rarity,Source Type,Source Game,Visible Unlock Condition,Internal Unlock Condition,Token Price,Equivalent Token Value,Salvage %,Giftable,Unlimited Placement,Account-Earned Only,Secret,Footprint W,Footprint D,Height Band,Placement Surface,Room Types,Rotation,Style Tags,Animation / VFX,Audio / Ambience,Future Interaction,Collection Completion Set,3D Production Notes
buy-with-game-night-tokens-everyday-basics-pine-single-bed,Pine Single Bed,Beds,Beds,Everyday Basics,Uncommon,Buy with Game Night Tokens,,Available in the Cabin Shop,Available in the Cabin Shop,75,75,0.25,Yes,Yes,No,No,2,3,Tall,Floor,Bedroom; Common Space,90° steps,Everyday Basics; Purchasable,None,None,Sleep animation later,Everyday Basics,Game-ready authored mesh; shared materials where practical; LODs for large/animated pieces.
buy-with-game-night-tokens-everyday-basics-double-cabin-bed,Double Cabin Bed,Beds,Beds,Everyday Basics,Rare,Buy with Game Night Tokens,,Available in the Cabin Shop,Available in the Cabin Shop,90,90,0.25,Yes,Yes,No,No,2,3,Tall,Floor,Bedroom; Common Space,90° steps,Everyday Basics; Purchasable,None,None,Sleep animation later,Everyday Basics,Game-ready authored mesh; shared materials where practical; LODs for large/animated pieces.
buy-with-game-night-tokens-everyday-basics-simple-nightstand,Simple Nightstand,Tables,Tables,Everyday Basics,Uncommon,Buy with Game Night Tokens,,Available in the Cabin Shop,Available in the Cabin Shop,75,75,0.25,Yes,Yes,No,No,2,1,Medium,Floor,Bedroom; Common Space,90° steps,Everyday Basics; Purchasable,None,None,Surface for small decor,Everyday Basics,Game-ready authored mesh; shared materials where practical; LODs for large/animated pieces.
buy-with-game-night-tokens-everyday-basics-four-drawer-dresser,Four-Drawer Dresser,Storage,Storage,Everyday Basics,Rare,Buy with Game Night Tokens,,Available in the Cabin Shop,Available in the Cabin Shop,90,90,0.25,Yes,Yes,No,No,2,1,Tall,Floor/Wall,Bedroom; Common Space,90° steps,Everyday Basics; Purchasable,None,None,Open/inspect later,Everyday Basics,Game-ready authored mesh; shared materials where practical; LODs for large/animated pieces.
buy-with-game-night-tokens-everyday-basics-kristen-s-cozy-lodge-,Kristen's Cozy Lodge Reading Chair,Seating,Seating,Everyday Basics,Rare,Buy with Game Night Tokens,,Available in the Cabin Shop,Available in the Cabin Shop,120,120,0.25,Yes,Yes,No,No,2,1,Medium,Floor,Bedroom; Common Space,90° steps,Everyday Basics; Purchasable,None,None,Sit animation later,Everyday Basics,Game-ready authored mesh; shared materials where practical; LODs for large/animated pieces.
buy-with-game-night-tokens-everyday-basics-small-writing-desk,Small Writing Desk,Tables,Tables,Everyday Basics,Rare,Buy with Game Night Tokens,,Available in the Cabin Shop,Available in the Cabin Shop,150,150,0.25,Yes,Yes,No,No,2,1,Medium,Floor,Bedroom; Common Space,90° steps,Everyday Basics; Purchasable,None,None,Surface for small decor,Everyday Basics,Game-ready authored mesh; shared materials where practical; LODs for large/animated pieces.
buy-with-game-night-tokens-everyday-basics-basic-desk-chair,Basic Desk Chair,Seating,Seating,Everyday Basics,Common,Buy with Game Night Tokens,,Available in the Cabin Shop,Available in the Cabin Shop,35,35,0.25,Yes,Yes,No,No,2,1,Medium,Floor,Bedroom; Common Space,90° steps,Everyday Basics; Purchasable,None,None,Sit animation later,Everyday Basics,Game-ready authored mesh; shared materials where practical; LODs for large/animated pieces.
buy-with-game-night-tokens-everyday-basics-wall-mounted-tv,Wall-Mounted TV,Electronics,Electronics,Everyday Basics,Rare,Buy with Game Night Tokens,,Available in the Cabin Shop,Available in the Cabin Shop,90,90,0.25,Yes,Yes,No,No,2,1,Medium,Floor/Wall,Bedroom; Common Space,90° steps,Everyday Basics; Purchasable,Subtle emissive screen loop,Optional room ambience hook,Turn on / launch content later,Everyday Basics,Game-ready authored mesh; shared materials where practical; LODs for large/animated pieces.
buy-with-game-night-tokens-everyday-basics-plain-floor-lamp,Plain Floor Lamp,Lighting,Lighting,Everyday Basics,Uncommon,Buy with Game Night Tokens,,Available in the Cabin Shop,Available in the Cabin Shop,75,75,0.25,Yes,Yes,No,No,1,1,Medium,Floor/Wall/Ceiling,Bedroom; Common Space,90° steps,Everyday Basics; Purchasable,Warm flicker,None,Toggle / lighting preset,Everyday Basics,Game-ready authored mesh; shared materials where practical; LODs for large/animated pieces.
buy-with-game-night-tokens-everyday-basics-warm-table-lamp,Warm Table Lamp,Lighting,Lighting,Everyday Basics,Rare,Buy with Game Night Tokens,,Available in the Cabin Shop,Available in the Cabin Shop,90,90,0.25,Yes,Yes,No,No,1,1,Medium,Floor/Wall/Ceiling,Bedroom; Common Space,90° steps,Everyday Basics; Purchasable,Warm flicker,None,Toggle / lighting preset,Everyday Basics,Game-ready authored mesh; shared materials where practical; LODs for large/animated pieces.
buy-with-game-night-tokens-everyday-basics-neutral-woven-rug,Neutral Woven Rug,Rugs,Rugs,Everyday Basics,Uncommon,Buy with Game Night Tokens,,Available in the Cabin Shop,Available in the Cabin Shop,75,75,0.25,Yes,Yes,No,No,2,2,Flat,Floor,Bedroom; Common Space,90° steps,Everyday Basics; Purchasable,None,None,Decorative,Everyday Basics,Game-ready authored mesh; shared materials where practical; LODs for large/animated pieces.
buy-with-game-night-tokens-everyday-basics-floating-wall-shelf,Floating Wall Shelf,Storage,Storage,Everyday Basics,Rare,Buy with Game Night Tokens,,Available in the Cabin Shop,Available in the Cabin Shop,150,150,0.25,Yes,Yes,No,No,2,1,Tall,Floor/Wall,Bedroom; Common Space,90° steps,Everyday Basics; Purchasable,None,None,Open/inspect later,Everyday Basics,Game-ready authored mesh; shared materials where practical; LODs for large/animated pieces.
buy-with-game-night-tokens-everyday-basics-simple-picture-frame,Simple Picture Frame,Wall Decor,Wall Decor,Everyday Basics,Common,Buy with Game Night Tokens,,Available in the Cabin Shop,Available in the Cabin Shop,20,20,0.25,Yes,Yes,No,No,1,0,Flat,Wall,Bedroom; Common Space,90° steps,Everyday Basics; Purchasable,None,None,Inspect / memory card,Everyday Basics,Game-ready authored mesh; shared materials where practical; LODs for large/animated pieces.
buy-with-game-night-tokens-everyday-basics-woven-dog-bed,Woven Dog Bed,Pet Items,Pet Beds & Dog Items,Everyday Basics,Uncommon,Buy with Game Night Tokens,,Available in the Cabin Shop,Available in the Cabin Shop,40,40,0.25,Yes,Yes,No,No,1,1,Low,Floor,Bedroom; Common Space; Guest House,90° steps,Everyday Basics; Purchasable,None,None,Dog wander target / rest animation later,Everyday Basics,Game-ready authored mesh; shared materials where practical; LODs for large/animated pieces.
buy-with-game-night-tokens-everyday-basics-white-linen-curtains,White Linen Curtains,Windows & Doors,Windows & Doors,Everyday Basics,Rare,Buy with Game Night Tokens,,Available in the Cabin Shop,Available in the Cabin Shop,120,120,0.25,Yes,Yes,No,No,1,0,Architectural,Wall Opening,Bedroom; Common Space,90° steps,Everyday Basics; Purchasable,None,None,Architectural customization,Everyday Basics,Game-ready authored mesh; shared materials where practical; LODs for large/animated pieces.
buy-with-game-night-tokens-rustic-cabin-log-beam-bed,Log Beam Bed,Beds,Beds,Rustic Cabin,Rare,Buy with Game Night Tokens,,Available in the Cabin Shop,Available in the Cabin Shop,150,150,0.25,Yes,Yes,No,No,2,3,Tall,Floor,Bedroom; Common Space,90° steps,Rustic Cabin; Purchasable,None,None,Sleep animation later,Rustic Cabin,Game-ready authored mesh; shared materials where practical; LODs for large/animated pieces.
buy-with-game-night-tokens-rustic-cabin-plaid-wool-armchair,Plaid Wool Armchair,Seating,Seating,Rustic Cabin,Rare,Buy with Game Night Tokens,,Available in the Cabin Shop,Available in the Cabin Shop,120,120,0.25,Yes,Yes,No,No,2,1,Medium,Floor,Bedroom; Common Space,90° steps,Rustic Cabin; Purchasable,None,None,Sit animation later,Rustic Cabin,Game-ready authored mesh; shared materials where practical; LODs for large/animated pieces.
buy-with-game-night-tokens-rustic-cabin-live-edge-nightstand,Live-Edge Nightstand,Tables,Tables,Rustic Cabin,Rare,Buy with Game Night Tokens,,Available in the Cabin Shop,Available in the Cabin Shop,150,150,0.25,Yes,Yes,No,No,2,1,Medium,Floor,Bedroom; Common Space,90° steps,Rustic Cabin; Purchasable,None,None,Surface for small decor,Rustic Cabin,Game-ready authored mesh; shared materials where practical; LODs for large/animated pieces.
buy-with-game-night-tokens-rustic-cabin-rough-sawn-dresser,Rough-Sawn Dresser,Storage,Storage,Rustic Cabin,Common,Buy with Game Night Tokens,,Available in the Cabin Shop,Available in the Cabin Shop,35,35,0.25,Yes,Yes,No,No,2,1,Tall,Floor/Wall,Bedroom; Common Space,90° steps,Rustic Cabin; Purchasable,None,None,Open/inspect later,Rustic Cabin,Game-ready authored mesh; shared materials where practical; LODs for large/animated pieces.
buy-with-game-night-tokens-rustic-cabin-stone-hearth-tv-stand,Stone Hearth TV Stand,Electronics,Electronics,Rustic Cabin,Rare,Buy with Game Night Tokens,,Available in the Cabin Shop,Available in the Cabin Shop,90,90,0.25,Yes,Yes,No,No,2,1,Medium,Floor/Wall,Bedroom; Common Space,90° steps,Rustic Cabin; Purchasable,Subtle emissive screen loop,Optional room ambience hook,Turn on / launch content later,Rustic Cabin,Game-ready authored mesh; shared materials where practical; LODs for large/animated pieces.
buy-with-game-night-tokens-rustic-cabin-antler-style-chandelier,Antler-Style Chandelier,Lighting,Lighting,Rustic Cabin,Uncommon,Buy with Game Night Tokens,,Available in the Cabin Shop,Available in the Cabin Shop,75,75,0.25,Yes,Yes,No,No,1,1,Medium,Floor/Wall/Ceiling,Bedroom; Common Space,90° steps,Rustic Cabin; Purchasable,Warm flicker,None,Toggle / lighting preset,Rustic Cabin,Game-ready authored mesh; shared materials where practical; LODs for large/animated pieces.
buy-with-game-night-tokens-rustic-cabin-braided-hearth-rug,Braided Hearth Rug,Rugs,Rugs,Rustic Cabin,Uncommon,Buy with Game Night Tokens,,Available in the Cabin Shop,Available in the Cabin Shop,50,50,0.25,Yes,Yes,No,No,2,2,Flat,Floor,Bedroom; Common Space,90° steps,Rustic Cabin; Purchasable,None,None,Decorative,Rustic Cabin,Game-ready authored mesh; shared materials where practical; LODs for large/animated pieces.
buy-with-game-night-tokens-rustic-cabin-john-s-wrench-and-cabin-,John's Wrench & Cabin Print,Wall Decor,Wall Decor,Rustic Cabin,Uncommon,Buy with Game Night Tokens,,Available in the Cabin Shop,Available in the Cabin Shop,75,75,0.25,Yes,Yes,No,No,1,0,Flat,Wall,Bedroom; Common Space,90° steps,Rustic Cabin; Purchasable,None,None,Inspect / memory card,Rustic Cabin,Game-ready authored mesh; shared materials where practical; LODs for large/animated pieces.
buy-with-game-night-tokens-rustic-cabin-pinecone-garland,Pinecone Garland,Decorations,Decorations,Rustic Cabin,Rare,Buy with Game Night Tokens,,Available in the Cabin Shop,Available in the Cabin Shop,90,90,0.25,Yes,Yes,No,No,1,1,Small,Floor/Table/Wall,Bedroom; Common Space,90° steps,Rustic Cabin; Purchasable,None,None,Decorative,Rustic Cabin,Game-ready authored mesh; shared materials where practical; LODs for large/animated pieces.
buy-with-game-night-tokens-rustic-cabin-wooden-blanket-chest,Wooden Blanket Chest,Storage,Storage,Rustic Cabin,Common,Buy with Game Night Tokens,,Available in the Cabin Shop,Available in the Cabin Shop,35,35,0.25,Yes,Yes,No,No,2,1,Tall,Floor/Wall,Bedroom; Common Space,90° steps,Rustic Cabin; Purchasable,None,None,Open/inspect later,Rustic Cabin,Game-ready authored mesh; shared materials where practical; LODs for large/animated pieces.
buy-with-game-night-tokens-rustic-cabin-iron-lantern-floor-lamp,Iron Lantern Floor Lamp,Lighting,Lighting,Rustic Cabin,Uncommon,Buy with Game Night Tokens,,Available in the Cabin Shop,Available in the Cabin Shop,50,50,0.25,Yes,Yes,No,No,1,1,Medium,Floor/Wall/Ceiling,Bedroom; Common Space,90° steps,Rustic Cabin; Purchasable,Warm flicker,None,Toggle / lighting preset,Rustic Cabin,Game-ready authored mesh; shared materials where practical; LODs for large/animated pieces.
buy-with-game-night-tokens-rustic-cabin-cedar-wall-panels,Cedar Wall Panels,Wallpaper,Wallpaper,Rustic Cabin,Uncommon,Buy with Game Night Tokens,,Available in the Cabin Shop,Available in the Cabin Shop,50,50,0.25,Yes,Yes,No,No,0,0,Surface,Wall Surface,Bedroom; Bathroom; Kitchen; Common Space,90° steps,Rustic Cabin; Purchasable,None,None,Apply to room walls,Rustic Cabin,Game-ready authored mesh; shared materials where practical; LODs for large/animated pieces.
buy-with-game-night-tokens-rustic-cabin-wide-plank-pine-floor,Wide Plank Pine Floor,Flooring,Flooring,Rustic Cabin,Uncommon,Buy with Game Night Tokens,,Available in the Cabin Shop,Available in the Cabin Shop,75,75,0.25,Yes,Yes,No,No,0,0,Surface,Floor Surface,Bedroom; Bathroom; Kitchen; Common Space,90° steps,Rustic Cabin; Purchasable,None,None,Apply to room floor,Rustic Cabin,Game-ready authored mesh; shared materials where practical; LODs for large/animated pieces.
buy-with-game-night-tokens-rustic-cabin-timber-crossbeam-trim,Timber Crossbeam Trim,Ceiling & Trim,Ceiling & Trim,Rustic Cabin,Rare,Buy with Game Night Tokens,,Available in the Cabin Shop,Available in the Cabin Shop,90,90,0.25,Yes,Yes,No,No,0,0,Surface,Ceiling/Trim,Bedroom; Common Space,90° steps,Rustic Cabin; Purchasable,None,None,Apply room finish,Rustic Cabin,Game-ready authored mesh; shared materials where practical; LODs for large/animated pieces.
buy-with-game-night-tokens-rustic-cabin-cabin-window-with-deep-s,Cabin Window with Deep Sill,Windows & Doors,Windows & Doors,Rustic Cabin,Epic,Buy with Game Night Tokens,,Available in the Cabin Shop,Available in the Cabin Shop,200,200,0.25,Yes,Yes,No,No,1,0,Architectural,Wall Opening,Bedroom; Common Space,90° steps,Rustic Cabin; Purchasable,None,None,Architectural customization,Rustic Cabin,Game-ready authored mesh; shared materials where practical; LODs for large/animated pieces.
buy-with-game-night-tokens-modern-lodge-low-platform-bed,Low Platform Bed,Beds,Beds,Modern Lodge,Uncommon,Buy with Game Night Tokens,,Available in the Cabin Shop,Available in the Cabin Shop,75,75,0.25,Yes,Yes,No,No,2,3,Tall,Floor,Bedroom; Common Space,90° steps,Modern Lodge; Purchasable,None,None,Sleep animation later,Modern Lodge,Game-ready authored mesh; shared materials where practical; LODs for large/animated pieces.
buy-with-game-night-tokens-modern-lodge-charcoal-modular-chair,Charcoal Modular Chair,Seating,Seating,Modern Lodge,Uncommon,Buy with Game Night Tokens,,Available in the Cabin Shop,Available in the Cabin Shop,50,50,0.25,Yes,Yes,No,No,2,1,Medium,Floor,Bedroom; Common Space,90° steps,Modern Lodge; Purchasable,None,None,Sit animation later,Modern Lodge,Game-ready authored mesh; shared materials where practical; LODs for large/animated pieces.
buy-with-game-night-tokens-modern-lodge-oak-floating-nightstand,Oak Floating Nightstand,Tables,Tables,Modern Lodge,Uncommon,Buy with Game Night Tokens,,Available in the Cabin Shop,Available in the Cabin Shop,75,75,0.25,Yes,Yes,No,No,2,1,Medium,Floor,Bedroom; Common Space,90° steps,Modern Lodge; Purchasable,None,None,Surface for small decor,Modern Lodge,Game-ready authored mesh; shared materials where practical; LODs for large/animated pieces.
buy-with-game-night-tokens-modern-lodge-slatted-wardrobe,Slatted Wardrobe,Storage,Storage,Modern Lodge,Rare,Buy with Game Night Tokens,,Available in the Cabin Shop,Available in the Cabin Shop,90,90,0.25,Yes,Yes,No,No,2,1,Tall,Floor/Wall,Bedroom; Common Space,90° steps,Modern Lodge; Purchasable,None,None,Open/inspect later,Modern Lodge,Game-ready authored mesh; shared materials where practical; LODs for large/animated pieces.
buy-with-game-night-tokens-modern-lodge-slim-media-console,Slim Media Console,Electronics,Electronics,Modern Lodge,Epic,Buy with Game Night Tokens,,Available in the Cabin Shop,Available in the Cabin Shop,175,175,0.25,Yes,Yes,No,No,2,1,Medium,Floor/Wall,Bedroom; Common Space,90° steps,Modern Lodge; Purchasable,Subtle emissive screen loop,Optional room ambience hook,Turn on / launch content later,Modern Lodge,Game-ready authored mesh; shared materials where practical; LODs for large/animated pieces.
buy-with-game-night-tokens-modern-lodge-arc-floor-lamp,Arc Floor Lamp,Lighting,Lighting,Modern Lodge,Rare,Buy with Game Night Tokens,,Available in the Cabin Shop,Available in the Cabin Shop,150,150,0.25,Yes,Yes,No,No,1,1,Medium,Floor/Wall/Ceiling,Bedroom; Common Space,90° steps,Modern Lodge; Purchasable,Warm flicker,None,Toggle / lighting preset,Modern Lodge,Game-ready authored mesh; shared materials where practical; LODs for large/animated pieces.
buy-with-game-night-tokens-modern-lodge-geometric-wool-rug,Geometric Wool Rug,Rugs,Rugs,Modern Lodge,Common,Buy with Game Night Tokens,,Available in the Cabin Shop,Available in the Cabin Shop,20,20,0.25,Yes,Yes,No,No,2,2,Flat,Floor,Bedroom; Common Space,90° steps,Modern Lodge; Purchasable,None,None,Decorative,Modern Lodge,Game-ready authored mesh; shared materials where practical; LODs for large/animated pieces.
buy-with-game-night-tokens-modern-lodge-minimal-line-art-print,Minimal Line-Art Print,Wall Decor,Wall Decor,Modern Lodge,Common,Buy with Game Night Tokens,,Available in the Cabin Shop,Available in the Cabin Shop,30,30,0.25,Yes,Yes,No,No,1,0,Flat,Wall,Bedroom; Common Space,90° steps,Modern Lodge; Purchasable,None,None,Inspect / memory card,Modern Lodge,Game-ready authored mesh; shared materials where practical; LODs for large/animated pieces.
buy-with-game-night-tokens-modern-lodge-tall-ceramic-planter,Tall Ceramic Planter,Plants,Plants,Modern Lodge,Uncommon,Buy with Game Night Tokens,,Available in the Cabin Shop,Available in the Cabin Shop,40,40,0.25,Yes,Yes,No,No,1,1,Medium,Floor/Table,Bedroom; Common Space,90° steps,Modern Lodge; Purchasable,None,None,Ambient animation optional,Modern Lodge,Game-ready authored mesh; shared materials where practical; LODs for large/animated pieces.
buy-with-game-night-tokens-modern-lodge-matte-black-wall-sconce,Matte Black Wall Sconce,Lighting,Lighting,Modern Lodge,Rare,Buy with Game Night Tokens,,Available in the Cabin Shop,Available in the Cabin Shop,90,90,0.25,Yes,Yes,No,No,1,1,Medium,Floor/Wall/Ceiling,Bedroom; Common Space,90° steps,Modern Lodge; Purchasable,None,None,Toggle / lighting preset,Modern Lodge,Game-ready authored mesh; shared materials where practical; LODs for large/animated pieces.
buy-with-game-night-tokens-modern-lodge-warm-greige-wall-finish,Warm Greige Wall Finish,Wallpaper,Wallpaper,Modern Lodge,Common,Buy with Game Night Tokens,,Available in the Cabin Shop,Available in the Cabin Shop,35,35,0.25,Yes,Yes,No,No,0,0,Surface,Wall Surface,Bedroom; Bathroom; Kitchen; Common Space,90° steps,Modern Lodge; Purchasable,None,None,Apply to room walls,Modern Lodge,Game-ready authored mesh; shared materials where practical; LODs for large/animated pieces.
buy-with-game-night-tokens-modern-lodge-natural-oak-flooring,Natural Oak Flooring,Flooring,Flooring,Modern Lodge,Uncommon,Buy with Game Night Tokens,,Available in the Cabin Shop,Available in the Cabin Shop,50,50,0.25,Yes,Yes,No,No,0,0,Surface,Floor Surface,Bedroom; Bathroom; Kitchen; Common Space,90° steps,Modern Lodge; Purchasable,None,None,Apply to room floor,Modern Lodge,Game-ready authored mesh; shared materials where practical; LODs for large/animated pieces.
buy-with-game-night-tokens-modern-lodge-black-framed-picture-win,Black-Framed Picture Window,Windows & Doors,Windows & Doors,Modern Lodge,Uncommon,Buy with Game Night Tokens,,Available in the Cabin Shop,Available in the Cabin Shop,75,75,0.25,Yes,Yes,No,No,1,0,Architectural,Wall Opening,Bedroom; Common Space,90° steps,Modern Lodge; Purchasable,None,None,Architectural customization,Modern Lodge,Game-ready authored mesh; shared materials where practical; LODs for large/animated pieces.
buy-with-game-night-tokens-farmhouse-whitewashed-farm-bed,Whitewashed Farm Bed,Beds,Beds,Farmhouse,Rare,Buy with Game Night Tokens,,Available in the Cabin Shop,Available in the Cabin Shop,90,90,0.25,Yes,Yes,No,No,2,3,Tall,Floor,Bedroom; Common Space,90° steps,Farmhouse; Purchasable,None,None,Sleep animation later,Farmhouse,Game-ready authored mesh; shared materials where practical; LODs for large/animated pieces.
buy-with-game-night-tokens-farmhouse-slipcover-reading-chair,Slipcover Reading Chair,Seating,Seating,Farmhouse,Uncommon,Buy with Game Night Tokens,,Available in the Cabin Shop,Available in the Cabin Shop,75,75,0.25,Yes,Yes,No,No,2,1,Medium,Floor,Bedroom; Common Space,90° steps,Farmhouse; Purchasable,None,None,Sit animation later,Farmhouse,Game-ready authored mesh; shared materials where practical; LODs for large/animated pieces.
buy-with-game-night-tokens-farmhouse-turned-leg-side-table,Turned-Leg Side Table,Tables,Tables,Farmhouse,Rare,Buy with Game Night Tokens,,Available in the Cabin Shop,Available in the Cabin Shop,90,90,0.25,Yes,Yes,No,No,2,1,Medium,Floor,Bedroom; Common Space,90° steps,Farmhouse; Purchasable,None,None,Surface for small decor,Farmhouse,Game-ready authored mesh; shared materials where practical; LODs for large/animated pieces.
buy-with-game-night-tokens-farmhouse-farmhouse-tallboy-dresser,Farmhouse Tallboy Dresser,Storage,Storage,Farmhouse,Rare,Buy with Game Night Tokens,,Available in the Cabin Shop,Available in the Cabin Shop,120,120,0.25,Yes,Yes,No,No,2,1,Tall,Floor/Wall,Bedroom; Common Space,90° steps,Farmhouse; Purchasable,None,None,Open/inspect later,Farmhouse,Game-ready authored mesh; shared materials where practical; LODs for large/animated pieces.
buy-with-game-night-tokens-farmhouse-cream-media-hutch,Cream Media Hutch,Electronics,Electronics,Farmhouse,Epic,Buy with Game Night Tokens,,Available in the Cabin Shop,Available in the Cabin Shop,200,200,0.25,Yes,Yes,No,No,2,1,Medium,Floor/Wall,Bedroom; Common Space,90° steps,Farmhouse; Purchasable,Subtle emissive screen loop,Optional room ambience hook,Turn on / launch content later,Farmhouse,Game-ready authored mesh; shared materials where practical; LODs for large/animated pieces.
buy-with-game-night-tokens-farmhouse-mason-jar-pendant,Mason Jar Pendant,Lighting,Lighting,Farmhouse,Common,Buy with Game Night Tokens,,Available in the Cabin Shop,Available in the Cabin Shop,35,35,0.25,Yes,Yes,No,No,1,1,Medium,Floor/Wall/Ceiling,Bedroom; Common Space,90° steps,Farmhouse; Purchasable,None,None,Toggle / lighting preset,Farmhouse,Game-ready authored mesh; shared materials where practical; LODs for large/animated pieces.
buy-with-game-night-tokens-farmhouse-blue-stripe-runner,Blue Stripe Runner,Rugs,Rugs,Farmhouse,Common,Buy with Game Night Tokens,,Available in the Cabin Shop,Available in the Cabin Shop,30,30,0.25,Yes,Yes,No,No,2,2,Flat,Floor,Bedroom; Common Space,90° steps,Farmhouse; Purchasable,None,None,Decorative,Farmhouse,Game-ready authored mesh; shared materials where practical; LODs for large/animated pieces.
buy-with-game-night-tokens-farmhouse-nana-s-country-kitchen-sign,Nana's Country Kitchen Sign,Wall Decor,Wall Decor,Farmhouse,Uncommon,Buy with Game Night Tokens,,Available in the Cabin Shop,Available in the Cabin Shop,40,40,0.25,Yes,Yes,No,No,1,0,Flat,Wall,Bedroom; Common Space,90° steps,Farmhouse; Purchasable,None,None,Inspect / memory card,Farmhouse,Game-ready authored mesh; shared materials where practical; LODs for large/animated pieces.
buy-with-game-night-tokens-farmhouse-galvanized-flower-bucket,Galvanized Flower Bucket,Plants,Plants,Farmhouse,Uncommon,Buy with Game Night Tokens,,Available in the Cabin Shop,Available in the Cabin Shop,50,50,0.25,Yes,Yes,No,No,1,1,Medium,Floor/Table,Bedroom; Common Space,90° steps,Farmhouse; Purchasable,None,None,Ambient animation optional,Farmhouse,Game-ready authored mesh; shared materials where practical; LODs for large/animated pieces.
buy-with-game-night-tokens-farmhouse-wooden-ladder-blanket-rack,Wooden Ladder Blanket Rack,Storage,Storage,Farmhouse,Rare,Buy with Game Night Tokens,,Available in the Cabin Shop,Available in the Cabin Shop,120,120,0.25,Yes,Yes,No,No,2,1,Tall,Floor/Wall,Bedroom; Common Space,90° steps,Farmhouse; Purchasable,None,None,Open/inspect later,Farmhouse,Game-ready authored mesh; shared materials where practical; LODs for large/animated pieces.
buy-with-game-night-tokens-farmhouse-shiplap-wallpaper,Shiplap Wallpaper,Wallpaper,Wallpaper,Farmhouse,Rare,Buy with Game Night Tokens,,Available in the Cabin Shop,Available in the Cabin Shop,90,90,0.25,Yes,Yes,No,No,0,0,Surface,Wall Surface,Bedroom; Bathroom; Kitchen; Common Space,90° steps,Farmhouse; Purchasable,None,None,Apply to room walls,Farmhouse,Game-ready authored mesh; shared materials where practical; LODs for large/animated pieces.
buy-with-game-night-tokens-farmhouse-honey-pine-flooring,Honey Pine Flooring,Flooring,Flooring,Farmhouse,Rare,Buy with Game Night Tokens,,Available in the Cabin Shop,Available in the Cabin Shop,120,120,0.25,Yes,Yes,No,No,0,0,Surface,Floor Surface,Bedroom; Bathroom; Kitchen; Common Space,90° steps,Farmhouse; Purchasable,None,None,Apply to room floor,Farmhouse,Game-ready authored mesh; shared materials where practical; LODs for large/animated pieces.
buy-with-game-night-tokens-farmhouse-crossbuck-barn-door,Crossbuck Barn Door,Windows & Doors,Windows & Doors,Farmhouse,Rare,Buy with Game Night Tokens,,Available in the Cabin Shop,Available in the Cabin Shop,90,90,0.25,Yes,Yes,No,No,1,0,Architectural,Wall Opening,Bedroom; Common Space,90° steps,Farmhouse; Purchasable,None,None,Architectural customization,Farmhouse,Game-ready authored mesh; shared materials where practical; LODs for large/animated pieces.
buy-with-game-night-tokens-glam-suite-velvet-tufted-bed,Velvet Tufted Bed,Beds,Beds,Glam Suite,Rare,Buy with Game Night Tokens,,Available in the Cabin Shop,Available in the Cabin Shop,120,120,0.25,Yes,Yes,No,No,2,3,Tall,Floor,Bedroom; Common Space,90° steps,Glam Suite; Purchasable,None,None,Sleep animation later,Glam Suite,Game-ready authored mesh; shared materials where practical; LODs for large/animated pieces.
buy-with-game-night-tokens-glam-suite-blush-chaise-lounge,Blush Chaise Lounge,Seating,Seating,Glam Suite,Rare,Buy with Game Night Tokens,,Available in the Cabin Shop,Available in the Cabin Shop,90,90,0.25,Yes,Yes,No,No,2,1,Medium,Floor,Bedroom; Common Space,90° steps,Glam Suite; Purchasable,None,None,Sit animation later,Glam Suite,Game-ready authored mesh; shared materials where practical; LODs for large/animated pieces.
buy-with-game-night-tokens-glam-suite-mirrored-nightstand,Mirrored Nightstand,Tables,Tables,Glam Suite,Rare,Buy with Game Night Tokens,,Available in the Cabin Shop,Available in the Cabin Shop,120,120,0.25,Yes,Yes,No,No,2,1,Medium,Floor,Bedroom; Common Space,90° steps,Glam Suite; Purchasable,None,None,Surface for small decor,Glam Suite,Game-ready authored mesh; shared materials where practical; LODs for large/animated pieces.
buy-with-game-night-tokens-glam-suite-gold-trim-dresser,Gold-Trim Dresser,Storage,Storage,Glam Suite,Rare,Buy with Game Night Tokens,,Available in the Cabin Shop,Available in the Cabin Shop,150,150,0.25,Yes,Yes,No,No,2,1,Tall,Floor/Wall,Bedroom; Common Space,90° steps,Glam Suite; Purchasable,None,None,Open/inspect later,Glam Suite,Game-ready authored mesh; shared materials where practical; LODs for large/animated pieces.
buy-with-game-night-tokens-glam-suite-vanessa-s-pink-gmc-media-c,Vanessa's Pink GMC Media Console,Electronics,Electronics,Glam Suite,Uncommon,Buy with Game Night Tokens,,Available in the Cabin Shop,Available in the Cabin Shop,75,75,0.25,Yes,Yes,No,No,2,1,Medium,Floor/Wall,Bedroom; Common Space,90° steps,Glam Suite; Purchasable,Subtle emissive screen loop,Optional room ambience hook,Turn on / launch content later,Glam Suite,Game-ready authored mesh; shared materials where practical; LODs for large/animated pieces.
buy-with-game-night-tokens-glam-suite-crystal-drop-lamp,Crystal Drop Lamp,Lighting,Lighting,Glam Suite,Uncommon,Buy with Game Night Tokens,,Available in the Cabin Shop,Available in the Cabin Shop,50,50,0.25,Yes,Yes,No,No,1,1,Medium,Floor/Wall/Ceiling,Bedroom; Common Space,90° steps,Glam Suite; Purchasable,Warm flicker,None,Toggle / lighting preset,Glam Suite,Game-ready authored mesh; shared materials where practical; LODs for large/animated pieces.
buy-with-game-night-tokens-glam-suite-faux-fur-cloud-rug,Faux-Fur Cloud Rug,Rugs,Rugs,Glam Suite,Uncommon,Buy with Game Night Tokens,,Available in the Cabin Shop,Available in the Cabin Shop,40,40,0.25,Yes,Yes,No,No,2,2,Flat,Floor,Bedroom; Common Space,90° steps,Glam Suite; Purchasable,None,None,Decorative,Glam Suite,Game-ready authored mesh; shared materials where practical; LODs for large/animated pieces.
buy-with-game-night-tokens-glam-suite-gold-sunburst-mirror,Gold Sunburst Mirror,Wall Decor,Wall Decor,Glam Suite,Uncommon,Buy with Game Night Tokens,,Available in the Cabin Shop,Available in the Cabin Shop,50,50,0.25,Yes,Yes,No,No,1,0,Flat,Wall,Bedroom; Common Space,90° steps,Glam Suite; Purchasable,None,None,Inspect / memory card,Glam Suite,Game-ready authored mesh; shared materials where practical; LODs for large/animated pieces.
buy-with-game-night-tokens-glam-suite-orchid-in-gold-pot,Orchid in Gold Pot,Plants,Plants,Glam Suite,Uncommon,Buy with Game Night Tokens,,Available in the Cabin Shop,Available in the Cabin Shop,75,75,0.25,Yes,Yes,No,No,1,1,Medium,Floor/Table,Bedroom; Common Space,90° steps,Glam Suite; Purchasable,None,None,Ambient animation optional,Glam Suite,Game-ready authored mesh; shared materials where practical; LODs for large/animated pieces.
buy-with-game-night-tokens-glam-suite-vanity-with-bulb-mirror,Vanity with Bulb Mirror,Tables,Tables,Glam Suite,Rare,Buy with Game Night Tokens,,Available in the Cabin Shop,Available in the Cabin Shop,150,150,0.25,Yes,Yes,No,No,2,1,Medium,Floor,Bedroom; Common Space,90° steps,Glam Suite; Purchasable,None,None,Surface for small decor,Glam Suite,Game-ready authored mesh; shared materials where practical; LODs for large/animated pieces.
buy-with-game-night-tokens-glam-suite-soft-rose-wallpaper,Soft Rose Wallpaper,Wallpaper,Wallpaper,Glam Suite,Uncommon,Buy with Game Night Tokens,,Available in the Cabin Shop,Available in the Cabin Shop,50,50,0.25,Yes,Yes,No,No,0,0,Surface,Wall Surface,Bedroom; Bathroom; Kitchen; Common Space,90° steps,Glam Suite; Purchasable,None,None,Apply to room walls,Glam Suite,Game-ready authored mesh; shared materials where practical; LODs for large/animated pieces.
buy-with-game-night-tokens-glam-suite-pale-marble-flooring,Pale Marble Flooring,Flooring,Flooring,Glam Suite,Uncommon,Buy with Game Night Tokens,,Available in the Cabin Shop,Available in the Cabin Shop,75,75,0.25,Yes,Yes,No,No,0,0,Surface,Floor Surface,Bedroom; Bathroom; Kitchen; Common Space,90° steps,Glam Suite; Purchasable,None,None,Apply to room floor,Glam Suite,Game-ready authored mesh; shared materials where practical; LODs for large/animated pieces.
buy-with-game-night-tokens-glam-suite-champagne-gold-trim,Champagne-Gold Trim,Ceiling & Trim,Ceiling & Trim,Glam Suite,Rare,Buy with Game Night Tokens,,Available in the Cabin Shop,Available in the Cabin Shop,90,90,0.25,Yes,Yes,No,No,0,0,Surface,Ceiling/Trim,Bedroom; Common Space,90° steps,Glam Suite; Purchasable,None,None,Apply room finish,Glam Suite,Game-ready authored mesh; shared materials where practical; LODs for large/animated pieces.
buy-with-game-night-tokens-gamer-den-led-gaming-bed,LED Gaming Bed,Beds,Beds,Gamer Den,Rare,Buy with Game Night Tokens,,Available in the Cabin Shop,Available in the Cabin Shop,150,150,0.25,Yes,Yes,No,No,2,3,Tall,Floor,Bedroom; Common Space,90° steps,Gamer Den; Purchasable,None,None,Sleep animation later,Gamer Den,Game-ready authored mesh; shared materials where practical; LODs for large/animated pieces.
buy-with-game-night-tokens-gamer-den-racing-style-game-chair,Racing-Style Game Chair,Seating,Seating,Gamer Den,Rare,Buy with Game Night Tokens,,Available in the Cabin Shop,Available in the Cabin Shop,120,120,0.25,Yes,Yes,No,No,2,1,Medium,Floor,Bedroom; Common Space,90° steps,Gamer Den; Purchasable,None,None,Sit animation later,Gamer Den,Game-ready authored mesh; shared materials where practical; LODs for large/animated pieces.
buy-with-game-night-tokens-gamer-den-dual-monitor-gaming-desk,Dual-Monitor Gaming Desk,Tables,Tables,Gamer Den,Rare,Buy with Game Night Tokens,,Available in the Cabin Shop,Available in the Cabin Shop,150,150,0.25,Yes,Yes,No,No,2,1,Medium,Floor,Bedroom; Common Space,90° steps,Gamer Den; Purchasable,None,None,Surface for small decor,Gamer Den,Game-ready authored mesh; shared materials where practical; LODs for large/animated pieces.
buy-with-game-night-tokens-gamer-den-holly-s-collectible-display,Holly's Collectible Display Cabinet,Storage,Storage,Gamer Den,Common,Buy with Game Night Tokens,,Available in the Cabin Shop,Available in the Cabin Shop,35,35,0.25,Yes,Yes,No,No,2,1,Tall,Floor/Wall,Bedroom; Common Space,90° steps,Gamer Den; Purchasable,None,None,Open/inspect later,Gamer Den,Game-ready authored mesh; shared materials where practical; LODs for large/animated pieces.
buy-with-game-night-tokens-gamer-den-big-screen-game-tv,Big-Screen Game TV,Electronics,Electronics,Gamer Den,Rare,Buy with Game Night Tokens,,Available in the Cabin Shop,Available in the Cabin Shop,90,90,0.25,Yes,Yes,No,No,2,1,Medium,Floor/Wall,Bedroom; Common Space,90° steps,Gamer Den; Purchasable,Subtle emissive screen loop,Optional room ambience hook,Turn on / launch content later,Gamer Den,Game-ready authored mesh; shared materials where practical; LODs for large/animated pieces.
buy-with-game-night-tokens-gamer-den-rgb-corner-light,RGB Corner Light,Lighting,Lighting,Gamer Den,Uncommon,Buy with Game Night Tokens,,Available in the Cabin Shop,Available in the Cabin Shop,75,75,0.25,Yes,Yes,No,No,1,1,Medium,Floor/Wall/Ceiling,Bedroom; Common Space,90° steps,Gamer Den; Purchasable,Warm flicker,None,Toggle / lighting preset,Gamer Den,Game-ready authored mesh; shared materials where practical; LODs for large/animated pieces.
buy-with-game-night-tokens-gamer-den-pixel-grid-rug,Pixel Grid Rug,Rugs,Rugs,Gamer Den,Uncommon,Buy with Game Night Tokens,,Available in the Cabin Shop,Available in the Cabin Shop,50,50,0.25,Yes,Yes,No,No,2,2,Flat,Floor,Bedroom; Common Space,90° steps,Gamer Den; Purchasable,None,None,Decorative,Gamer Den,Game-ready authored mesh; shared materials where practical; LODs for large/animated pieces.
buy-with-game-night-tokens-gamer-den-high-score-neon-sign,High Score Neon Sign,Wall Decor,Wall Decor,Gamer Den,Uncommon,Buy with Game Night Tokens,,Available in the Cabin Shop,Available in the Cabin Shop,75,75,0.25,Yes,Yes,No,No,1,0,Flat,Wall,Bedroom; Common Space,90° steps,Gamer Den; Purchasable,None,None,Inspect / memory card,Gamer Den,Game-ready authored mesh; shared materials where practical; LODs for large/animated pieces.
buy-with-game-night-tokens-gamer-den-mini-console-shelf,Mini Console Shelf,Games,Games,Gamer Den,Epic,Buy with Game Night Tokens,,Available in the Cabin Shop,Available in the Cabin Shop,200,200,0.25,Yes,Yes,No,No,2,1,Medium,Floor/Table,Bedroom; Common Space,90° steps,Gamer Den; Purchasable,None,Optional room ambience hook,Launch game or inspect later,Gamer Den,Game-ready authored mesh; shared materials where practical; LODs for large/animated pieces.
buy-with-game-night-tokens-gamer-den-classic-arcade-cabinet,Classic Arcade Cabinet,Games,Games,Gamer Den,Uncommon,Buy with Game Night Tokens,,Available in the Cabin Shop,Available in the Cabin Shop,75,75,0.25,Yes,Yes,No,No,2,1,Medium,Floor/Table,Bedroom; Common Space,90° steps,Gamer Den; Purchasable,None,Optional room ambience hook,Launch game or inspect later,Gamer Den,Game-ready authored mesh; shared materials where practical; LODs for large/animated pieces.
buy-with-game-night-tokens-gamer-den-beanbag-respawn-chair,Beanbag Respawn Chair,Seating,Seating,Gamer Den,Uncommon,Buy with Game Night Tokens,,Available in the Cabin Shop,Available in the Cabin Shop,50,50,0.25,Yes,Yes,No,No,2,1,Medium,Floor,Bedroom; Common Space,90° steps,Gamer Den; Purchasable,None,None,Sit animation later,Gamer Den,Game-ready authored mesh; shared materials where practical; LODs for large/animated pieces.
buy-with-game-night-tokens-gamer-den-acoustic-hex-wall-panels,Acoustic Hex Wall Panels,Wallpaper,Wallpaper,Gamer Den,Common,Buy with Game Night Tokens,,Available in the Cabin Shop,Available in the Cabin Shop,35,35,0.25,Yes,Yes,No,No,0,0,Surface,Wall Surface,Bedroom; Bathroom; Kitchen; Common Space,90° steps,Gamer Den; Purchasable,None,None,Apply to room walls,Gamer Den,Game-ready authored mesh; shared materials where practical; LODs for large/animated pieces.
buy-with-game-night-tokens-gamer-den-dark-rubberized-flooring,Dark Rubberized Flooring,Flooring,Flooring,Gamer Den,Uncommon,Buy with Game Night Tokens,,Available in the Cabin Shop,Available in the Cabin Shop,50,50,0.25,Yes,Yes,No,No,0,0,Surface,Floor Surface,Bedroom; Bathroom; Kitchen; Common Space,90° steps,Gamer Den; Purchasable,None,None,Apply to room floor,Gamer Den,Game-ready authored mesh; shared materials where practical; LODs for large/animated pieces.
buy-with-game-night-tokens-gamer-den-streaming-ring-light,Streaming Ring Light,Lighting,Lighting,Gamer Den,Rare,Buy with Game Night Tokens,,Available in the Cabin Shop,Available in the Cabin Shop,120,120,0.25,Yes,Yes,No,No,1,1,Medium,Floor/Wall/Ceiling,Bedroom; Common Space,90° steps,Gamer Den; Purchasable,Warm flicker,None,Toggle / lighting preset,Gamer Den,Game-ready authored mesh; shared materials where practical; LODs for large/animated pieces.
buy-with-game-night-tokens-western-lodge-tooled-leather-bed,Tooled-Leather Bed,Beds,Beds,Western Lodge,Epic,Buy with Game Night Tokens,,Available in the Cabin Shop,Available in the Cabin Shop,200,200,0.25,Yes,Yes,No,No,2,3,Tall,Floor,Bedroom; Common Space,90° steps,Western Lodge; Purchasable,None,None,Sleep animation later,Western Lodge,Game-ready authored mesh; shared materials where practical; LODs for large/animated pieces.
buy-with-game-night-tokens-western-lodge-saddle-leather-chair,Saddle Leather Chair,Seating,Seating,Western Lodge,Common,Buy with Game Night Tokens,,Available in the Cabin Shop,Available in the Cabin Shop,35,35,0.25,Yes,Yes,No,No,2,1,Medium,Floor,Bedroom; Common Space,90° steps,Western Lodge; Purchasable,None,None,Sit animation later,Western Lodge,Game-ready authored mesh; shared materials where practical; LODs for large/animated pieces.
buy-with-game-night-tokens-western-lodge-barrel-side-table,Barrel Side Table,Tables,Tables,Western Lodge,Uncommon,Buy with Game Night Tokens,,Available in the Cabin Shop,Available in the Cabin Shop,50,50,0.25,Yes,Yes,No,No,2,1,Medium,Floor,Bedroom; Common Space,90° steps,Western Lodge; Purchasable,None,None,Surface for small decor,Western Lodge,Game-ready authored mesh; shared materials where practical; LODs for large/animated pieces.
buy-with-game-night-tokens-western-lodge-ranch-dresser,Ranch Dresser,Storage,Storage,Western Lodge,Uncommon,Buy with Game Night Tokens,,Available in the Cabin Shop,Available in the Cabin Shop,75,75,0.25,Yes,Yes,No,No,2,1,Tall,Floor/Wall,Bedroom; Common Space,90° steps,Western Lodge; Purchasable,None,None,Open/inspect later,Western Lodge,Game-ready authored mesh; shared materials where practical; LODs for large/animated pieces.
buy-with-game-night-tokens-western-lodge-saloon-media-console,Saloon Media Console,Electronics,Electronics,Western Lodge,Rare,Buy with Game Night Tokens,,Available in the Cabin Shop,Available in the Cabin Shop,150,150,0.25,Yes,Yes,No,No,2,1,Medium,Floor/Wall,Bedroom; Common Space,90° steps,Western Lodge; Purchasable,Subtle emissive screen loop,Optional room ambience hook,Turn on / launch content later,Western Lodge,Game-ready authored mesh; shared materials where practical; LODs for large/animated pieces.
buy-with-game-night-tokens-western-lodge-horseshoe-lamp,Horseshoe Lamp,Lighting,Lighting,Western Lodge,Rare,Buy with Game Night Tokens,,Available in the Cabin Shop,Available in the Cabin Shop,120,120,0.25,Yes,Yes,No,No,1,1,Medium,Floor/Wall/Ceiling,Bedroom; Common Space,90° steps,Western Lodge; Purchasable,Warm flicker,None,Toggle / lighting preset,Western Lodge,Game-ready authored mesh; shared materials where practical; LODs for large/animated pieces.
buy-with-game-night-tokens-western-lodge-southwestern-diamond-ru,Southwestern Diamond Rug,Rugs,Rugs,Western Lodge,Rare,Buy with Game Night Tokens,,Available in the Cabin Shop,Available in the Cabin Shop,90,90,0.25,Yes,Yes,No,No,2,2,Flat,Floor,Bedroom; Common Space,90° steps,Western Lodge; Purchasable,None,None,Decorative,Western Lodge,Game-ready authored mesh; shared materials where practical; LODs for large/animated pieces.
buy-with-game-night-tokens-western-lodge-prairie-sunset-print,Prairie Sunset Print,Wall Decor,Wall Decor,Western Lodge,Common,Buy with Game Night Tokens,,Available in the Cabin Shop,Available in the Cabin Shop,20,20,0.25,Yes,Yes,No,No,1,0,Flat,Wall,Bedroom; Common Space,90° steps,Western Lodge; Purchasable,None,None,Inspect / memory card,Western Lodge,Game-ready authored mesh; shared materials where practical; LODs for large/animated pieces.
buy-with-game-night-tokens-western-lodge-coiled-rope-wall-decor,Coiled Rope Wall Decor,Wall Decor,Wall Decor,Western Lodge,Common,Buy with Game Night Tokens,,Available in the Cabin Shop,Available in the Cabin Shop,30,30,0.25,Yes,Yes,No,No,1,0,Flat,Wall,Bedroom; Common Space,90° steps,Western Lodge; Purchasable,None,None,Inspect / memory card,Western Lodge,Game-ready authored mesh; shared materials where practical; LODs for large/animated pieces.
buy-with-game-night-tokens-western-lodge-boot-rack,Boot Rack,Storage,Storage,Western Lodge,Uncommon,Buy with Game Night Tokens,,Available in the Cabin Shop,Available in the Cabin Shop,75,75,0.25,Yes,Yes,No,No,2,1,Tall,Floor/Wall,Bedroom; Common Space,90° steps,Western Lodge; Purchasable,None,None,Open/inspect later,Western Lodge,Game-ready authored mesh; shared materials where practical; LODs for large/animated pieces.
buy-with-game-night-tokens-western-lodge-weathered-plank-wallpap,Weathered Plank Wallpaper,Wallpaper,Wallpaper,Western Lodge,Rare,Buy with Game Night Tokens,,Available in the Cabin Shop,Available in the Cabin Shop,90,90,0.25,Yes,Yes,No,No,0,0,Surface,Wall Surface,Bedroom; Bathroom; Kitchen; Common Space,90° steps,Western Lodge; Purchasable,None,None,Apply to room walls,Western Lodge,Game-ready authored mesh; shared materials where practical; LODs for large/animated pieces.
buy-with-game-night-tokens-western-lodge-dark-hickory-floor,Dark Hickory Floor,Flooring,Flooring,Western Lodge,Rare,Buy with Game Night Tokens,,Available in the Cabin Shop,Available in the Cabin Shop,120,120,0.25,Yes,Yes,No,No,0,0,Surface,Floor Surface,Bedroom; Bathroom; Kitchen; Common Space,90° steps,Western Lodge; Purchasable,None,None,Apply to room floor,Western Lodge,Game-ready authored mesh; shared materials where practical; LODs for large/animated pieces.
buy-with-game-night-tokens-western-lodge-swinging-saloon-door,Swinging Saloon Door,Windows & Doors,Windows & Doors,Western Lodge,Epic,Buy with Game Night Tokens,,Available in the Cabin Shop,Available in the Cabin Shop,200,200,0.25,Yes,Yes,No,No,1,0,Architectural,Wall Opening,Bedroom; Common Space,90° steps,Western Lodge; Purchasable,None,None,Architectural customization,Western Lodge,Game-ready authored mesh; shared materials where practical; LODs for large/animated pieces.
buy-with-game-night-tokens-princess-and-dance-canopy-ribbon-bed,Canopy Ribbon Bed,Beds,Beds,Princess & Dance,Uncommon,Buy with Game Night Tokens,,Available in the Cabin Shop,Available in the Cabin Shop,75,75,0.25,Yes,Yes,No,No,2,3,Tall,Floor,Bedroom; Common Space,90° steps,Princess & Dance; Purchasable,None,None,Sleep animation later,Princess & Dance,Game-ready authored mesh; shared materials where practical; LODs for large/animated pieces.
buy-with-game-night-tokens-princess-and-dance-ballet-slipper-cha,Ballet Slipper Chair,Seating,Seating,Princess & Dance,Uncommon,Buy with Game Night Tokens,,Available in the Cabin Shop,Available in the Cabin Shop,50,50,0.25,Yes,Yes,No,No,2,1,Medium,Floor,Bedroom; Common Space,90° steps,Princess & Dance; Purchasable,None,None,Sit animation later,Princess & Dance,Game-ready authored mesh; shared materials where practical; LODs for large/animated pieces.
buy-with-game-night-tokens-princess-and-dance-round-vanity-table,Round Vanity Table,Tables,Tables,Princess & Dance,Uncommon,Buy with Game Night Tokens,,Available in the Cabin Shop,Available in the Cabin Shop,75,75,0.25,Yes,Yes,No,No,2,1,Medium,Floor,Bedroom; Common Space,90° steps,Princess & Dance; Purchasable,None,None,Surface for small decor,Princess & Dance,Game-ready authored mesh; shared materials where practical; LODs for large/animated pieces.
buy-with-game-night-tokens-princess-and-dance-costume-wardrobe,Costume Wardrobe,Storage,Storage,Princess & Dance,Rare,Buy with Game Night Tokens,,Available in the Cabin Shop,Available in the Cabin Shop,90,90,0.25,Yes,Yes,No,No,2,1,Tall,Floor/Wall,Bedroom; Common Space,90° steps,Princess & Dance; Purchasable,None,None,Open/inspect later,Princess & Dance,Game-ready authored mesh; shared materials where practical; LODs for large/animated pieces.
buy-with-game-night-tokens-princess-and-dance-dressing-room-tv,Dressing-Room TV,Electronics,Electronics,Princess & Dance,Epic,Buy with Game Night Tokens,,Available in the Cabin Shop,Available in the Cabin Shop,175,175,0.25,Yes,Yes,No,No,2,1,Medium,Floor/Wall,Bedroom; Common Space,90° steps,Princess & Dance; Purchasable,Subtle emissive screen loop,Optional room ambience hook,Turn on / launch content later,Princess & Dance,Game-ready authored mesh; shared materials where practical; LODs for large/animated pieces.
buy-with-game-night-tokens-princess-and-dance-stage-spotlight-la,Stage Spotlight Lamp,Lighting,Lighting,Princess & Dance,Rare,Buy with Game Night Tokens,,Available in the Cabin Shop,Available in the Cabin Shop,150,150,0.25,Yes,Yes,No,No,1,1,Medium,Floor/Wall/Ceiling,Bedroom; Common Space,90° steps,Princess & Dance; Purchasable,Warm flicker,None,Toggle / lighting preset,Princess & Dance,Game-ready authored mesh; shared materials where practical; LODs for large/animated pieces.
buy-with-game-night-tokens-princess-and-dance-soft-star-rug,Soft Star Rug,Rugs,Rugs,Princess & Dance,Common,Buy with Game Night Tokens,,Available in the Cabin Shop,Available in the Cabin Shop,20,20,0.25,Yes,Yes,No,No,2,2,Flat,Floor,Bedroom; Common Space,90° steps,Princess & Dance; Purchasable,None,None,Decorative,Princess & Dance,Game-ready authored mesh; shared materials where practical; LODs for large/animated pieces.
buy-with-game-night-tokens-princess-and-dance-ballet-barre-wall-,Ballet Barre Wall Rail,Wall Decor,Wall Decor,Princess & Dance,Common,Buy with Game Night Tokens,,Available in the Cabin Shop,Available in the Cabin Shop,30,30,0.25,Yes,Yes,No,No,1,0,Flat,Wall,Bedroom; Common Space,90° steps,Princess & Dance; Purchasable,None,None,Inspect / memory card,Princess & Dance,Game-ready authored mesh; shared materials where practical; LODs for large/animated pieces.
buy-with-game-night-tokens-princess-and-dance-lizzie-s-ballet-sh,Lizzie's Ballet Shoe Display,Collectibles,Collectibles,Princess & Dance,Common,Buy with Game Night Tokens,,Available in the Cabin Shop,Available in the Cabin Shop,25,25,0.25,Yes,Yes,No,No,1,1,Small,Table/Shelf/Wall,Bedroom; Common Space,90° steps,Princess & Dance; Purchasable,None,None,Inspect achievement / history,Princess & Dance,Game-ready authored mesh; shared materials where practical; LODs for large/animated pieces.
buy-with-game-night-tokens-princess-and-dance-pearl-dot-wallpape,Pearl Dot Wallpaper,Wallpaper,Wallpaper,Princess & Dance,Common,Buy with Game Night Tokens,,Available in the Cabin Shop,Available in the Cabin Shop,35,35,0.25,Yes,Yes,No,No,0,0,Surface,Wall Surface,Bedroom; Bathroom; Kitchen; Common Space,90° steps,Princess & Dance; Purchasable,None,None,Apply to room walls,Princess & Dance,Game-ready authored mesh; shared materials where practical; LODs for large/animated pieces.
buy-with-game-night-tokens-princess-and-dance-pale-dance-studio-,Pale Dance-Studio Floor,Flooring,Flooring,Princess & Dance,Uncommon,Buy with Game Night Tokens,,Available in the Cabin Shop,Available in the Cabin Shop,50,50,0.25,Yes,Yes,No,No,0,0,Surface,Floor Surface,Bedroom; Bathroom; Kitchen; Common Space,90° steps,Princess & Dance; Purchasable,None,None,Apply to room floor,Princess & Dance,Game-ready authored mesh; shared materials where practical; LODs for large/animated pieces.
buy-with-game-night-tokens-princess-and-dance-arched-dressing-mi,Arched Dressing Mirror,Wall Decor,Wall Decor,Princess & Dance,Rare,Buy with Game Night Tokens,,Available in the Cabin Shop,Available in the Cabin Shop,90,90,0.25,Yes,Yes,No,No,1,0,Flat,Wall,Bedroom; Common Space,90° steps,Princess & Dance; Purchasable,None,None,Inspect / memory card,Princess & Dance,Game-ready authored mesh; shared materials where practical; LODs for large/animated pieces.
buy-with-game-night-tokens-industrial-shop-steel-frame-bed,Steel Frame Bed,Beds,Beds,Industrial Shop,Uncommon,Buy with Game Night Tokens,,Available in the Cabin Shop,Available in the Cabin Shop,75,75,0.25,Yes,Yes,No,No,2,3,Tall,Floor,Bedroom; Common Space,90° steps,Industrial Shop; Purchasable,None,None,Sleep animation later,Industrial Shop,Game-ready authored mesh; shared materials where practical; LODs for large/animated pieces.
buy-with-game-night-tokens-industrial-shop-papa-s-tattered-yello,Papa's Tattered Yellow Chair Replica,Seating,Seating,Industrial Shop,Uncommon,Buy with Game Night Tokens,,Available in the Cabin Shop,Available in the Cabin Shop,50,50,0.25,Yes,Yes,No,No,2,1,Medium,Floor,Bedroom; Common Space,90° steps,Industrial Shop; Purchasable,None,None,Sit animation later,Industrial Shop,Game-ready authored mesh; shared materials where practical; LODs for large/animated pieces.
buy-with-game-night-tokens-industrial-shop-welding-table-desk,Welding Table Desk,Tables,Tables,Industrial Shop,Uncommon,Buy with Game Night Tokens,,Available in the Cabin Shop,Available in the Cabin Shop,75,75,0.25,Yes,Yes,No,No,2,1,Medium,Floor,Bedroom; Common Space,90° steps,Industrial Shop; Purchasable,None,None,Surface for small decor,Industrial Shop,Game-ready authored mesh; shared materials where practical; LODs for large/animated pieces.
buy-with-game-night-tokens-industrial-shop-tool-chest-dresser,Tool Chest Dresser,Storage,Storage,Industrial Shop,Rare,Buy with Game Night Tokens,,Available in the Cabin Shop,Available in the Cabin Shop,90,90,0.25,Yes,Yes,No,No,2,1,Tall,Floor/Wall,Bedroom; Common Space,90° steps,Industrial Shop; Purchasable,None,None,Open/inspect later,Industrial Shop,Game-ready authored mesh; shared materials where practical; LODs for large/animated pieces.
buy-with-game-night-tokens-industrial-shop-rolling-shop-cabinet,Rolling Shop Cabinet,Storage,Storage,Industrial Shop,Rare,Buy with Game Night Tokens,,Available in the Cabin Shop,Available in the Cabin Shop,120,120,0.25,Yes,Yes,No,No,2,1,Tall,Floor/Wall,Bedroom; Common Space,90° steps,Industrial Shop; Purchasable,None,None,Open/inspect later,Industrial Shop,Game-ready authored mesh; shared materials where practical; LODs for large/animated pieces.
buy-with-game-night-tokens-industrial-shop-utility-monitor-stand,Utility Monitor Stand,Electronics,Electronics,Industrial Shop,Epic,Buy with Game Night Tokens,,Available in the Cabin Shop,Available in the Cabin Shop,200,200,0.25,Yes,Yes,No,No,2,1,Medium,Floor/Wall,Bedroom; Common Space,90° steps,Industrial Shop; Purchasable,Subtle emissive screen loop,Optional room ambience hook,Turn on / launch content later,Industrial Shop,Game-ready authored mesh; shared materials where practical; LODs for large/animated pieces.
buy-with-game-night-tokens-industrial-shop-caged-work-light,Caged Work Light,Lighting,Lighting,Industrial Shop,Common,Buy with Game Night Tokens,,Available in the Cabin Shop,Available in the Cabin Shop,35,35,0.25,Yes,Yes,No,No,1,1,Medium,Floor/Wall/Ceiling,Bedroom; Common Space,90° steps,Industrial Shop; Purchasable,Warm flicker,None,Toggle / lighting preset,Industrial Shop,Game-ready authored mesh; shared materials where practical; LODs for large/animated pieces.
buy-with-game-night-tokens-industrial-shop-anti-fatigue-shop-mat,Anti-Fatigue Shop Mat,Rugs,Rugs,Industrial Shop,Common,Buy with Game Night Tokens,,Available in the Cabin Shop,Available in the Cabin Shop,30,30,0.25,Yes,Yes,No,No,2,2,Flat,Floor,Bedroom; Common Space,90° steps,Industrial Shop; Purchasable,None,None,Decorative,Industrial Shop,Game-ready authored mesh; shared materials where practical; LODs for large/animated pieces.
buy-with-game-night-tokens-industrial-shop-blueprint-wall-rack,Blueprint Wall Rack,Wall Decor,Wall Decor,Industrial Shop,Uncommon,Buy with Game Night Tokens,,Available in the Cabin Shop,Available in the Cabin Shop,40,40,0.25,Yes,Yes,No,No,1,0,Flat,Wall,Bedroom; Common Space,90° steps,Industrial Shop; Purchasable,None,None,Inspect / memory card,Industrial Shop,Game-ready authored mesh; shared materials where practical; LODs for large/animated pieces.
buy-with-game-night-tokens-industrial-shop-pegboard-tool-wall,Pegboard Tool Wall,Wall Decor,Wall Decor,Industrial Shop,Uncommon,Buy with Game Night Tokens,,Available in the Cabin Shop,Available in the Cabin Shop,50,50,0.25,Yes,Yes,No,No,1,0,Flat,Wall,Bedroom; Common Space,90° steps,Industrial Shop; Purchasable,None,None,Inspect / memory card,Industrial Shop,Game-ready authored mesh; shared materials where practical; LODs for large/animated pieces.
buy-with-game-night-tokens-industrial-shop-metal-panel-wallpaper,Metal Panel Wallpaper,Wallpaper,Wallpaper,Industrial Shop,Rare,Buy with Game Night Tokens,,Available in the Cabin Shop,Available in the Cabin Shop,90,90,0.25,Yes,Yes,No,No,0,0,Surface,Wall Surface,Bedroom; Bathroom; Kitchen; Common Space,90° steps,Industrial Shop; Purchasable,None,None,Apply to room walls,Industrial Shop,Game-ready authored mesh; shared materials where practical; LODs for large/animated pieces.
buy-with-game-night-tokens-industrial-shop-sealed-concrete-floor,Sealed Concrete Floor,Flooring,Flooring,Industrial Shop,Rare,Buy with Game Night Tokens,,Available in the Cabin Shop,Available in the Cabin Shop,120,120,0.25,Yes,Yes,No,No,0,0,Surface,Floor Surface,Bedroom; Bathroom; Kitchen; Common Space,90° steps,Industrial Shop; Purchasable,None,None,Apply to room floor,Industrial Shop,Game-ready authored mesh; shared materials where practical; LODs for large/animated pieces.
buy-with-game-night-tokens-industrial-shop-sliding-steel-door,Sliding Steel Door,Windows & Doors,Windows & Doors,Industrial Shop,Uncommon,Buy with Game Night Tokens,,Available in the Cabin Shop,Available in the Cabin Shop,75,75,0.25,Yes,Yes,No,No,1,0,Architectural,Wall Opening,Bedroom; Common Space,90° steps,Industrial Shop; Purchasable,None,None,Architectural customization,Industrial Shop,Game-ready authored mesh; shared materials where practical; LODs for large/animated pieces.
buy-with-game-night-tokens-retro-game-night-retro-motel-bed,Retro Motel Bed,Beds,Beds,Retro Game Night,Rare,Buy with Game Night Tokens,,Available in the Cabin Shop,Available in the Cabin Shop,90,90,0.25,Yes,Yes,No,No,2,3,Tall,Floor,Bedroom; Common Space,90° steps,Retro Game Night; Purchasable,None,None,Sleep animation later,Retro Game Night,Game-ready authored mesh; shared materials where practical; LODs for large/animated pieces.
buy-with-game-night-tokens-retro-game-night-vinyl-swivel-chair,Vinyl Swivel Chair,Seating,Seating,Retro Game Night,Uncommon,Buy with Game Night Tokens,,Available in the Cabin Shop,Available in the Cabin Shop,75,75,0.25,Yes,Yes,No,No,2,1,Medium,Floor,Bedroom; Common Space,90° steps,Retro Game Night; Purchasable,None,None,Sit animation later,Retro Game Night,Game-ready authored mesh; shared materials where practical; LODs for large/animated pieces.
buy-with-game-night-tokens-retro-game-night-chrome-side-table,Chrome Side Table,Tables,Tables,Retro Game Night,Rare,Buy with Game Night Tokens,,Available in the Cabin Shop,Available in the Cabin Shop,90,90,0.25,Yes,Yes,No,No,2,1,Medium,Floor,Bedroom; Common Space,90° steps,Retro Game Night; Purchasable,None,None,Surface for small decor,Retro Game Night,Game-ready authored mesh; shared materials where practical; LODs for large/animated pieces.
buy-with-game-night-tokens-retro-game-night-mid-century-dresser,Mid-Century Dresser,Storage,Storage,Retro Game Night,Rare,Buy with Game Night Tokens,,Available in the Cabin Shop,Available in the Cabin Shop,120,120,0.25,Yes,Yes,No,No,2,1,Tall,Floor/Wall,Bedroom; Common Space,90° steps,Retro Game Night; Purchasable,None,None,Open/inspect later,Retro Game Night,Game-ready authored mesh; shared materials where practical; LODs for large/animated pieces.
buy-with-game-night-tokens-retro-game-night-wood-grain-tube-tv,Wood-Grain Tube TV,Electronics,Electronics,Retro Game Night,Epic,Buy with Game Night Tokens,,Available in the Cabin Shop,Available in the Cabin Shop,200,200,0.25,Yes,Yes,No,No,2,1,Medium,Floor/Wall,Bedroom; Common Space,90° steps,Retro Game Night; Purchasable,Subtle emissive screen loop,Optional room ambience hook,Turn on / launch content later,Retro Game Night,Game-ready authored mesh; shared materials where practical; LODs for large/animated pieces.
buy-with-game-night-tokens-retro-game-night-mushroom-table-lamp,Mushroom Table Lamp,Lighting,Lighting,Retro Game Night,Common,Buy with Game Night Tokens,,Available in the Cabin Shop,Available in the Cabin Shop,35,35,0.25,Yes,Yes,No,No,1,1,Medium,Floor/Wall/Ceiling,Bedroom; Common Space,90° steps,Retro Game Night; Purchasable,Warm flicker,None,Toggle / lighting preset,Retro Game Night,Game-ready authored mesh; shared materials where practical; LODs for large/animated pieces.
buy-with-game-night-tokens-retro-game-night-orange-burst-rug,Orange Burst Rug,Rugs,Rugs,Retro Game Night,Common,Buy with Game Night Tokens,,Available in the Cabin Shop,Available in the Cabin Shop,30,30,0.25,Yes,Yes,No,No,2,2,Flat,Floor,Bedroom; Common Space,90° steps,Retro Game Night; Purchasable,None,None,Decorative,Retro Game Night,Game-ready authored mesh; shared materials where practical; LODs for large/animated pieces.
buy-with-game-night-tokens-retro-game-night-family-game-night-po,Family Game Night Poster,Wall Decor,Wall Decor,Retro Game Night,Uncommon,Buy with Game Night Tokens,,Available in the Cabin Shop,Available in the Cabin Shop,40,40,0.25,Yes,Yes,No,No,1,0,Flat,Wall,Bedroom; Common Space,90° steps,Retro Game Night; Purchasable,None,None,Inspect / memory card,Retro Game Night,Game-ready authored mesh; shared materials where practical; LODs for large/animated pieces.
buy-with-game-night-tokens-retro-game-night-record-player-consol,Record Player Console,Electronics,Electronics,Retro Game Night,Rare,Buy with Game Night Tokens,,Available in the Cabin Shop,Available in the Cabin Shop,150,150,0.25,Yes,Yes,No,No,2,1,Medium,Floor/Wall,Bedroom; Common Space,90° steps,Retro Game Night; Purchasable,Subtle emissive screen loop,Optional room ambience hook,Turn on / launch content later,Retro Game Night,Game-ready authored mesh; shared materials where practical; LODs for large/animated pieces.
buy-with-game-night-tokens-retro-game-night-checkerboard-wallpap,Checkerboard Wallpaper,Wallpaper,Wallpaper,Retro Game Night,Common,Buy with Game Night Tokens,,Available in the Cabin Shop,Available in the Cabin Shop,35,35,0.25,Yes,Yes,No,No,0,0,Surface,Wall Surface,Bedroom; Bathroom; Kitchen; Common Space,90° steps,Retro Game Night; Purchasable,None,None,Apply to room walls,Retro Game Night,Game-ready authored mesh; shared materials where practical; LODs for large/animated pieces.
buy-with-game-night-tokens-retro-game-night-terrazzo-flooring,Terrazzo Flooring,Flooring,Flooring,Retro Game Night,Uncommon,Buy with Game Night Tokens,,Available in the Cabin Shop,Available in the Cabin Shop,50,50,0.25,Yes,Yes,No,No,0,0,Surface,Floor Surface,Bedroom; Bathroom; Kitchen; Common Space,90° steps,Retro Game Night; Purchasable,None,None,Apply to room floor,Retro Game Night,Game-ready authored mesh; shared materials where practical; LODs for large/animated pieces.
buy-with-game-night-tokens-retro-game-night-james-s-quiet-timber,James's Quiet Timber Clock,Decorations,Decorations,Retro Game Night,Common,Buy with Game Night Tokens,,Available in the Cabin Shop,Available in the Cabin Shop,20,20,0.25,Yes,Yes,No,No,1,1,Small,Floor/Table/Wall,Bedroom; Common Space,90° steps,Retro Game Night; Purchasable,None,None,Decorative,Retro Game Night,Game-ready authored mesh; shared materials where practical; LODs for large/animated pieces.
buy-with-game-night-tokens-cozy-grandma-patchwork-quilt-bed,Patchwork Quilt Bed,Beds,Beds,Cozy Grandma,Rare,Buy with Game Night Tokens,,Available in the Cabin Shop,Available in the Cabin Shop,90,90,0.25,Yes,Yes,No,No,2,3,Tall,Floor,Bedroom; Common Space,90° steps,Cozy Grandma; Purchasable,None,None,Sleep animation later,Cozy Grandma,Game-ready authored mesh; shared materials where practical; LODs for large/animated pieces.
buy-with-game-night-tokens-cozy-grandma-floral-recliner,Floral Recliner,Seating,Seating,Cozy Grandma,Uncommon,Buy with Game Night Tokens,,Available in the Cabin Shop,Available in the Cabin Shop,75,75,0.25,Yes,Yes,No,No,2,1,Medium,Floor,Bedroom; Common Space,90° steps,Cozy Grandma; Purchasable,None,None,Sit animation later,Cozy Grandma,Game-ready authored mesh; shared materials where practical; LODs for large/animated pieces.
buy-with-game-night-tokens-cozy-grandma-doily-side-table,Doily Side Table,Tables,Tables,Cozy Grandma,Rare,Buy with Game Night Tokens,,Available in the Cabin Shop,Available in the Cabin Shop,90,90,0.25,Yes,Yes,No,No,2,1,Medium,Floor,Bedroom; Common Space,90° steps,Cozy Grandma; Purchasable,None,None,Surface for small decor,Cozy Grandma,Game-ready authored mesh; shared materials where practical; LODs for large/animated pieces.
buy-with-game-night-tokens-cozy-grandma-old-oak-dresser,Old Oak Dresser,Storage,Storage,Cozy Grandma,Rare,Buy with Game Night Tokens,,Available in the Cabin Shop,Available in the Cabin Shop,120,120,0.25,Yes,Yes,No,No,2,1,Tall,Floor/Wall,Bedroom; Common Space,90° steps,Cozy Grandma; Purchasable,None,None,Open/inspect later,Cozy Grandma,Game-ready authored mesh; shared materials where practical; LODs for large/animated pieces.
buy-with-game-night-tokens-cozy-grandma-knitted-tv-cozy-stand,Knitted TV Cozy Stand,Electronics,Electronics,Cozy Grandma,Epic,Buy with Game Night Tokens,,Available in the Cabin Shop,Available in the Cabin Shop,200,200,0.25,Yes,Yes,No,No,2,1,Medium,Floor/Wall,Bedroom; Common Space,90° steps,Cozy Grandma; Purchasable,Subtle emissive screen loop,Optional room ambience hook,Turn on / launch content later,Cozy Grandma,Game-ready authored mesh; shared materials where practical; LODs for large/animated pieces.
buy-with-game-night-tokens-cozy-grandma-fringed-table-lamp,Fringed Table Lamp,Lighting,Lighting,Cozy Grandma,Common,Buy with Game Night Tokens,,Available in the Cabin Shop,Available in the Cabin Shop,35,35,0.25,Yes,Yes,No,No,1,1,Medium,Floor/Wall/Ceiling,Bedroom; Common Space,90° steps,Cozy Grandma; Purchasable,Warm flicker,None,Toggle / lighting preset,Cozy Grandma,Game-ready authored mesh; shared materials where practical; LODs for large/animated pieces.
buy-with-game-night-tokens-cozy-grandma-braided-oval-rug,Braided Oval Rug,Rugs,Rugs,Cozy Grandma,Common,Buy with Game Night Tokens,,Available in the Cabin Shop,Available in the Cabin Shop,30,30,0.25,Yes,Yes,No,No,2,2,Flat,Floor,Bedroom; Common Space,90° steps,Cozy Grandma; Purchasable,None,None,Decorative,Cozy Grandma,Game-ready authored mesh; shared materials where practical; LODs for large/animated pieces.
buy-with-game-night-tokens-cozy-grandma-family-recipe-frame,Family Recipe Frame,Wall Decor,Wall Decor,Cozy Grandma,Uncommon,Buy with Game Night Tokens,,Available in the Cabin Shop,Available in the Cabin Shop,40,40,0.25,Yes,Yes,No,No,1,0,Flat,Wall,Bedroom; Common Space,90° steps,Cozy Grandma; Purchasable,None,None,Inspect / memory card,Cozy Grandma,Game-ready authored mesh; shared materials where practical; LODs for large/animated pieces.
buy-with-game-night-tokens-cozy-grandma-crochet-basket,Crochet Basket,Decorations,Decorations,Cozy Grandma,Uncommon,Buy with Game Night Tokens,,Available in the Cabin Shop,Available in the Cabin Shop,50,50,0.25,Yes,Yes,No,No,1,1,Small,Floor/Table/Wall,Bedroom; Common Space,90° steps,Cozy Grandma; Purchasable,None,None,Decorative,Cozy Grandma,Game-ready authored mesh; shared materials where practical; LODs for large/animated pieces.
buy-with-game-night-tokens-cozy-grandma-tiny-african-violet,Tiny African Violet,Plants,Plants,Cozy Grandma,Uncommon,Buy with Game Night Tokens,,Available in the Cabin Shop,Available in the Cabin Shop,75,75,0.25,Yes,Yes,No,No,1,1,Medium,Floor/Table,Bedroom; Common Space,90° steps,Cozy Grandma; Purchasable,None,None,Ambient animation optional,Cozy Grandma,Game-ready authored mesh; shared materials where practical; LODs for large/animated pieces.
buy-with-game-night-tokens-cozy-grandma-soft-floral-wallpaper,Soft Floral Wallpaper,Wallpaper,Wallpaper,Cozy Grandma,Rare,Buy with Game Night Tokens,,Available in the Cabin Shop,Available in the Cabin Shop,90,90,0.25,Yes,Yes,No,No,0,0,Surface,Wall Surface,Bedroom; Bathroom; Kitchen; Common Space,90° steps,Cozy Grandma; Purchasable,None,None,Apply to room walls,Cozy Grandma,Game-ready authored mesh; shared materials where practical; LODs for large/animated pieces.
buy-with-game-night-tokens-outdoors-and-fishing-camp-bunk-bed,Camp Bunk Bed,Beds,Beds,Outdoors & Fishing,Uncommon,Buy with Game Night Tokens,,Available in the Cabin Shop,Available in the Cabin Shop,75,75,0.25,Yes,Yes,No,No,2,3,Tall,Floor,Bedroom; Common Space,90° steps,Outdoors & Fishing; Purchasable,None,None,Sleep animation later,Outdoors & Fishing,Game-ready authored mesh; shared materials where practical; LODs for large/animated pieces.
buy-with-game-night-tokens-outdoors-and-fishing-canvas-camp-chai,Canvas Camp Chair,Seating,Seating,Outdoors & Fishing,Uncommon,Buy with Game Night Tokens,,Available in the Cabin Shop,Available in the Cabin Shop,50,50,0.25,Yes,Yes,No,No,2,1,Medium,Floor,Bedroom; Common Space,90° steps,Outdoors & Fishing; Purchasable,None,None,Sit animation later,Outdoors & Fishing,Game-ready authored mesh; shared materials where practical; LODs for large/animated pieces.
buy-with-game-night-tokens-outdoors-and-fishing-tackle-box-side-,Tackle Box Side Table,Tables,Tables,Outdoors & Fishing,Uncommon,Buy with Game Night Tokens,,Available in the Cabin Shop,Available in the Cabin Shop,75,75,0.25,Yes,Yes,No,No,2,1,Medium,Floor,Bedroom; Common Space,90° steps,Outdoors & Fishing; Purchasable,None,None,Surface for small decor,Outdoors & Fishing,Game-ready authored mesh; shared materials where practical; LODs for large/animated pieces.
buy-with-game-night-tokens-outdoors-and-fishing-fishing-gear-loc,Fishing Gear Locker,Storage,Storage,Outdoors & Fishing,Rare,Buy with Game Night Tokens,,Available in the Cabin Shop,Available in the Cabin Shop,90,90,0.25,Yes,Yes,No,No,2,1,Tall,Floor/Wall,Bedroom; Common Space,90° steps,Outdoors & Fishing; Purchasable,None,None,Open/inspect later,Outdoors & Fishing,Game-ready authored mesh; shared materials where practical; LODs for large/animated pieces.
buy-with-game-night-tokens-outdoors-and-fishing-cabin-weather-tv,Cabin Weather TV,Electronics,Electronics,Outdoors & Fishing,Epic,Buy with Game Night Tokens,,Available in the Cabin Shop,Available in the Cabin Shop,175,175,0.25,Yes,Yes,No,No,2,1,Medium,Floor/Wall,Bedroom; Common Space,90° steps,Outdoors & Fishing; Purchasable,Subtle emissive screen loop,Optional room ambience hook,Turn on / launch content later,Outdoors & Fishing,Game-ready authored mesh; shared materials where practical; LODs for large/animated pieces.
buy-with-game-night-tokens-outdoors-and-fishing-camping-lantern-,Camping Lantern Lamp,Lighting,Lighting,Outdoors & Fishing,Rare,Buy with Game Night Tokens,,Available in the Cabin Shop,Available in the Cabin Shop,150,150,0.25,Yes,Yes,No,No,1,1,Medium,Floor/Wall/Ceiling,Bedroom; Common Space,90° steps,Outdoors & Fishing; Purchasable,Warm flicker,None,Toggle / lighting preset,Outdoors & Fishing,Game-ready authored mesh; shared materials where practical; LODs for large/animated pieces.
buy-with-game-night-tokens-outdoors-and-fishing-lake-map-rug,Lake Map Rug,Rugs,Rugs,Outdoors & Fishing,Common,Buy with Game Night Tokens,,Available in the Cabin Shop,Available in the Cabin Shop,20,20,0.25,Yes,Yes,No,No,2,2,Flat,Floor,Bedroom; Common Space,90° steps,Outdoors & Fishing; Purchasable,None,None,Decorative,Outdoors & Fishing,Game-ready authored mesh; shared materials where practical; LODs for large/animated pieces.
buy-with-game-night-tokens-outdoors-and-fishing-framed-fishing-m,Framed Fishing Map,Wall Decor,Wall Decor,Outdoors & Fishing,Common,Buy with Game Night Tokens,,Available in the Cabin Shop,Available in the Cabin Shop,30,30,0.25,Yes,Yes,No,No,1,0,Flat,Wall,Bedroom; Common Space,90° steps,Outdoors & Fishing; Purchasable,None,None,Inspect / memory card,Outdoors & Fishing,Game-ready authored mesh; shared materials where practical; LODs for large/animated pieces.
buy-with-game-night-tokens-outdoors-and-fishing-logan-s-fishing-,Logan's Fishing Rod Rack,Toys & Hobbies,Toys & Hobbies,Outdoors & Fishing,Common,Buy with Game Night Tokens,,Available in the Cabin Shop,Available in the Cabin Shop,25,25,0.25,Yes,Yes,No,No,1,1,Small,Floor/Table,Bedroom; Common Space,90° steps,Outdoors & Fishing; Purchasable,None,None,Inspect / animation later,Outdoors & Fishing,Game-ready authored mesh; shared materials where practical; LODs for large/animated pieces.
buy-with-game-night-tokens-outdoors-and-fishing-mounted-canoe-pa,Mounted Canoe Paddle,Wall Decor,Wall Decor,Outdoors & Fishing,Uncommon,Buy with Game Night Tokens,,Available in the Cabin Shop,Available in the Cabin Shop,50,50,0.25,Yes,Yes,No,No,1,0,Flat,Wall,Bedroom; Common Space,90° steps,Outdoors & Fishing; Purchasable,None,None,Inspect / memory card,Outdoors & Fishing,Game-ready authored mesh; shared materials where practical; LODs for large/animated pieces.
buy-with-game-night-tokens-outdoors-and-fishing-pine-forest-wall,Pine Forest Wallpaper,Wallpaper,Wallpaper,Outdoors & Fishing,Rare,Buy with Game Night Tokens,,Available in the Cabin Shop,Available in the Cabin Shop,120,120,0.25,Yes,Yes,No,No,0,0,Surface,Wall Surface,Bedroom; Bathroom; Kitchen; Common Space,90° steps,Outdoors & Fishing; Purchasable,None,None,Apply to room walls,Outdoors & Fishing,Game-ready authored mesh; shared materials where practical; LODs for large/animated pieces.
buy-with-game-night-tokens-outdoors-and-fishing-weathered-deckbo,Weathered Deckboard Floor,Flooring,Flooring,Outdoors & Fishing,Common,Buy with Game Night Tokens,,Available in the Cabin Shop,Available in the Cabin Shop,35,35,0.25,Yes,Yes,No,No,0,0,Surface,Floor Surface,Bedroom; Bathroom; Kitchen; Common Space,90° steps,Outdoors & Fishing; Purchasable,None,None,Apply to room floor,Outdoors & Fishing,Game-ready authored mesh; shared materials where practical; LODs for large/animated pieces.
buy-with-game-night-tokens-outdoors-and-fishing-screened-cabin-w,Screened Cabin Window,Windows & Doors,Windows & Doors,Outdoors & Fishing,Uncommon,Buy with Game Night Tokens,,Available in the Cabin Shop,Available in the Cabin Shop,75,75,0.25,Yes,Yes,No,No,1,0,Architectural,Wall Opening,Bedroom; Common Space,90° steps,Outdoors & Fishing; Purchasable,None,None,Architectural customization,Outdoors & Fishing,Game-ready authored mesh; shared materials where practical; LODs for large/animated pieces.
buy-with-game-night-tokens-construction-crew-worksite-bunk,Worksite Bunk,Beds,Beds,Construction Crew,Rare,Buy with Game Night Tokens,,Available in the Cabin Shop,Available in the Cabin Shop,90,90,0.25,Yes,Yes,No,No,2,3,Tall,Floor,Bedroom; Common Space,90° steps,Construction Crew; Purchasable,None,None,Sleep animation later,Construction Crew,Game-ready authored mesh; shared materials where practical; LODs for large/animated pieces.
buy-with-game-night-tokens-construction-crew-loader-seat-chair,Loader-Seat Chair,Seating,Seating,Construction Crew,Uncommon,Buy with Game Night Tokens,,Available in the Cabin Shop,Available in the Cabin Shop,75,75,0.25,Yes,Yes,No,No,2,1,Medium,Floor,Bedroom; Common Space,90° steps,Construction Crew; Purchasable,None,None,Sit animation later,Construction Crew,Game-ready authored mesh; shared materials where practical; LODs for large/animated pieces.
buy-with-game-night-tokens-construction-crew-sawhorse-desk,Sawhorse Desk,Tables,Tables,Construction Crew,Rare,Buy with Game Night Tokens,,Available in the Cabin Shop,Available in the Cabin Shop,90,90,0.25,Yes,Yes,No,No,2,1,Medium,Floor,Bedroom; Common Space,90° steps,Construction Crew; Purchasable,None,None,Surface for small decor,Construction Crew,Game-ready authored mesh; shared materials where practical; LODs for large/animated pieces.
buy-with-game-night-tokens-construction-crew-job-box-storage,Job Box Storage,Storage,Storage,Construction Crew,Rare,Buy with Game Night Tokens,,Available in the Cabin Shop,Available in the Cabin Shop,120,120,0.25,Yes,Yes,No,No,2,1,Tall,Floor/Wall,Bedroom; Common Space,90° steps,Construction Crew; Purchasable,None,None,Open/inspect later,Construction Crew,Game-ready authored mesh; shared materials where practical; LODs for large/animated pieces.
buy-with-game-night-tokens-construction-crew-site-monitor,Site Monitor,Electronics,Electronics,Construction Crew,Epic,Buy with Game Night Tokens,,Available in the Cabin Shop,Available in the Cabin Shop,200,200,0.25,Yes,Yes,No,No,2,1,Medium,Floor/Wall,Bedroom; Common Space,90° steps,Construction Crew; Purchasable,Subtle emissive screen loop,Optional room ambience hook,Turn on / launch content later,Construction Crew,Game-ready authored mesh; shared materials where practical; LODs for large/animated pieces.
buy-with-game-night-tokens-construction-crew-tripod-work-light,Tripod Work Light,Lighting,Lighting,Construction Crew,Common,Buy with Game Night Tokens,,Available in the Cabin Shop,Available in the Cabin Shop,35,35,0.25,Yes,Yes,No,No,1,1,Medium,Floor/Wall/Ceiling,Bedroom; Common Space,90° steps,Construction Crew; Purchasable,Warm flicker,None,Toggle / lighting preset,Construction Crew,Game-ready authored mesh; shared materials where practical; LODs for large/animated pieces.
buy-with-game-night-tokens-construction-crew-high-vis-stripe-rug,High-Vis Stripe Rug,Rugs,Rugs,Construction Crew,Common,Buy with Game Night Tokens,,Available in the Cabin Shop,Available in the Cabin Shop,30,30,0.25,Yes,Yes,No,No,2,2,Flat,Floor,Bedroom; Common Space,90° steps,Construction Crew; Purchasable,None,None,Decorative,Construction Crew,Game-ready authored mesh; shared materials where practical; LODs for large/animated pieces.
buy-with-game-night-tokens-construction-crew-bridge-blueprint-pr,Bridge Blueprint Print,Wall Decor,Wall Decor,Construction Crew,Uncommon,Buy with Game Night Tokens,,Available in the Cabin Shop,Available in the Cabin Shop,40,40,0.25,Yes,Yes,No,No,1,0,Flat,Wall,Bedroom; Common Space,90° steps,Construction Crew; Purchasable,None,None,Inspect / memory card,Construction Crew,Game-ready authored mesh; shared materials where practical; LODs for large/animated pieces.
buy-with-game-night-tokens-construction-crew-diamond-plate-floor,Diamond Plate Flooring,Flooring,Flooring,Construction Crew,Common,Buy with Game Night Tokens,,Available in the Cabin Shop,Available in the Cabin Shop,35,35,0.25,Yes,Yes,No,No,0,0,Surface,Floor Surface,Bedroom; Bathroom; Kitchen; Common Space,90° steps,Construction Crew; Purchasable,None,None,Apply to room floor,Construction Crew,Game-ready authored mesh; shared materials where practical; LODs for large/animated pieces.
buy-with-game-night-tokens-garden-cottage-wrought-iron-garden-be,Wrought-Iron Garden Bed,Beds,Beds,Garden Cottage,Epic,Buy with Game Night Tokens,,Available in the Cabin Shop,Available in the Cabin Shop,175,175,0.25,Yes,Yes,No,No,2,3,Tall,Floor,Bedroom; Common Space,90° steps,Garden Cottage; Purchasable,None,None,Sleep animation later,Garden Cottage,Game-ready authored mesh; shared materials where practical; LODs for large/animated pieces.
buy-with-game-night-tokens-garden-cottage-wicker-garden-chair,Wicker Garden Chair,Seating,Seating,Garden Cottage,Rare,Buy with Game Night Tokens,,Available in the Cabin Shop,Available in the Cabin Shop,150,150,0.25,Yes,Yes,No,No,2,1,Medium,Floor,Bedroom; Common Space,90° steps,Garden Cottage; Purchasable,None,None,Sit animation later,Garden Cottage,Game-ready authored mesh; shared materials where practical; LODs for large/animated pieces.
buy-with-game-night-tokens-garden-cottage-potting-bench-desk,Potting Bench Desk,Tables,Tables,Garden Cottage,Common,Buy with Game Night Tokens,,Available in the Cabin Shop,Available in the Cabin Shop,35,35,0.25,Yes,Yes,No,No,2,1,Medium,Floor,Bedroom; Common Space,90° steps,Garden Cottage; Purchasable,None,None,Surface for small decor,Garden Cottage,Game-ready authored mesh; shared materials where practical; LODs for large/animated pieces.
buy-with-game-night-tokens-garden-cottage-seed-cabinet,Seed Cabinet,Storage,Storage,Garden Cottage,Uncommon,Buy with Game Night Tokens,,Available in the Cabin Shop,Available in the Cabin Shop,50,50,0.25,Yes,Yes,No,No,2,1,Tall,Floor/Wall,Bedroom; Common Space,90° steps,Garden Cottage; Purchasable,None,None,Open/inspect later,Garden Cottage,Game-ready authored mesh; shared materials where practical; LODs for large/animated pieces.
buy-with-game-night-tokens-garden-cottage-flowering-vine-lamp,Flowering Vine Lamp,Lighting,Lighting,Garden Cottage,Uncommon,Buy with Game Night Tokens,,Available in the Cabin Shop,Available in the Cabin Shop,75,75,0.25,Yes,Yes,No,No,1,1,Medium,Floor/Wall/Ceiling,Bedroom; Common Space,90° steps,Garden Cottage; Purchasable,Warm flicker,None,Toggle / lighting preset,Garden Cottage,Game-ready authored mesh; shared materials where practical; LODs for large/animated pieces.
buy-with-game-night-tokens-garden-cottage-botanical-round-rug,Botanical Round Rug,Rugs,Rugs,Garden Cottage,Uncommon,Buy with Game Night Tokens,,Available in the Cabin Shop,Available in the Cabin Shop,50,50,0.25,Yes,Yes,No,No,2,2,Flat,Floor,Bedroom; Common Space,90° steps,Garden Cottage; Purchasable,None,None,Decorative,Garden Cottage,Game-ready authored mesh; shared materials where practical; LODs for large/animated pieces.
buy-with-game-night-tokens-garden-cottage-dorothy-s-pressed-flow,Dorothy's Pressed Flower Frames,Wall Decor,Wall Decor,Garden Cottage,Uncommon,Buy with Game Night Tokens,,Available in the Cabin Shop,Available in the Cabin Shop,75,75,0.25,Yes,Yes,No,No,1,0,Flat,Wall,Bedroom; Common Space,90° steps,Garden Cottage; Purchasable,None,None,Inspect / memory card,Garden Cottage,Game-ready authored mesh; shared materials where practical; LODs for large/animated pieces.
buy-with-game-night-tokens-garden-cottage-indoor-herb-planter,Indoor Herb Planter,Plants,Plants,Garden Cottage,Rare,Buy with Game Night Tokens,,Available in the Cabin Shop,Available in the Cabin Shop,90,90,0.25,Yes,Yes,No,No,1,1,Medium,Floor/Table,Bedroom; Common Space,90° steps,Garden Cottage; Purchasable,None,None,Ambient animation optional,Garden Cottage,Game-ready authored mesh; shared materials where practical; LODs for large/animated pieces.
buy-with-game-night-tokens-garden-cottage-cottage-rose-wallpaper,Cottage Rose Wallpaper,Wallpaper,Wallpaper,Garden Cottage,Rare,Buy with Game Night Tokens,,Available in the Cabin Shop,Available in the Cabin Shop,120,120,0.25,Yes,Yes,No,No,0,0,Surface,Wall Surface,Bedroom; Bathroom; Kitchen; Common Space,90° steps,Garden Cottage; Purchasable,None,None,Apply to room walls,Garden Cottage,Game-ready authored mesh; shared materials where practical; LODs for large/animated pieces.
win-in-arcade-paddle-battle-ember-paddle-pennant,Ember Paddle Pennant,Wall Decor,Wall Decor,Paddle Battle,Uncommon,Win in Arcade,Papa's Paddle Battle,First clear / first meaningful completion,First clear / first meaningful completion,,60,0.25,Yes,Yes,No,No,1,0,Flat,Wall,Bedroom; Common Space,90° steps,Papa Shop; Wood; Ember; Arcade Reward,None,None,Inspect / memory card,Paddle Battle,Reward-track item. Reuse game visual motifs without copying external branded assets.
win-in-arcade-paddle-battle-papa-bot-side-table,Papa Bot Side Table,Tables,Tables,Paddle Battle,Rare,Win in Arcade,Papa's Paddle Battle,5 wins / 5 clears,5 wins / 5 clears,,100,0.25,Yes,Yes,No,No,2,1,Medium,Floor,Bedroom; Common Space,90° steps,Papa Shop; Wood; Ember; Arcade Reward,None,None,Surface for small decor,Paddle Battle,Reward-track item. Reuse game visual motifs without copying external branded assets.
win-in-arcade-paddle-battle-burnished-paddle-lamp,Burnished Paddle Lamp,Lighting,Lighting,Paddle Battle,Rare,Win in Arcade,Papa's Paddle Battle,10 wins / 10 clears,10 wins / 10 clears,,120,0.25,Yes,Yes,No,No,1,1,Medium,Floor/Wall/Ceiling,Bedroom; Common Space,90° steps,Papa Shop; Wood; Ember; Arcade Reward,None,None,Toggle / lighting preset,Paddle Battle,Reward-track item. Reuse game visual motifs without copying external branded assets.
win-in-arcade-paddle-battle-champion-paddle-rug,Champion Paddle Rug,Rugs,Rugs,Paddle Battle,Epic,Win in Arcade,Papa's Paddle Battle,Perfect score or designated high-skill objective,Perfect score or designated high-skill objective,,220,0.25,Yes,Yes,No,No,2,2,Flat,Floor,Bedroom; Common Space,90° steps,Papa Shop; Wood; Ember; Arcade Reward,Subtle rarity sparkle,None,Decorative,Paddle Battle,Reward-track item. Reuse game visual motifs without copying external branded assets.
win-in-arcade-paddle-battle-shop-bell-display-shelf,Shop Bell Display Shelf,Storage,Storage,Paddle Battle,Epic,Win in Arcade,Papa's Paddle Battle,Hard-mode / difficult-level milestone,Hard-mode / difficult-level milestone,,240,0.25,Yes,Yes,No,No,2,1,Tall,Floor/Wall,Bedroom; Common Space,90° steps,Papa Shop; Wood; Ember; Arcade Reward,Subtle rarity sparkle,None,Open/inspect later,Paddle Battle,Reward-track item. Reuse game visual motifs without copying external branded assets.
win-in-arcade-paddle-battle-warm-ember-throw-pillow,Warm Ember Throw Pillow,Decorations,Decorations,Paddle Battle,Uncommon,Win in Arcade,Papa's Paddle Battle,Complete the game-specific daily challenge,Complete the game-specific daily challenge,,70,0.25,Yes,Yes,No,No,1,1,Small,Floor/Table/Wall,Bedroom; Common Space,90° steps,Papa Shop; Wood; Ember; Arcade Reward,None,None,Decorative,Paddle Battle,Reward-track item. Reuse game visual motifs without copying external branded assets.
win-in-arcade-paddle-battle-animated-paddle-duel-diorama,Animated Paddle Duel Diorama,Collectibles,Collectibles,Paddle Battle,Epic,Win in Arcade,Papa's Paddle Battle,Mastery milestone / advanced level,Mastery milestone / advanced level,,260,0.25,Yes,Yes,No,No,1,1,Small,Table/Shelf/Wall,Bedroom; Common Space,90° steps,Papa Shop; Wood; Ember; Arcade Reward,Animated loop,None,Inspect achievement / history,Paddle Battle,Reward-track item. Reuse game visual motifs without copying external branded assets.
win-in-arcade-paddle-battle-paddle-battle-tv-channel,Paddle Battle TV Channel,Electronics,Electronics,Paddle Battle,Rare,Win in Arcade,Papa's Paddle Battle,Unlock the game-specific media channel,Unlock the game-specific media channel,,140,0.25,Yes,Yes,No,No,2,1,Medium,Floor/Wall,Bedroom; Common Space,90° steps,Papa Shop; Wood; Ember; Arcade Reward,Looping themed game footage/screensaver,Muted by default; optional themed channel audio,Select as an unlocked TV channel,Paddle Battle,Reward-track item. Reuse game visual motifs without copying external branded assets.
win-in-arcade-paddle-battle-papa-s-paddle-champion-trophy,Papa’s Paddle Champion Trophy,Collectibles,Collectibles,Paddle Battle,Family Legendary,Win in Arcade,Papa's Paddle Battle,Top mastery milestone / long-term achievement,Top mastery milestone / long-term achievement,,500,0.25,No,Yes,Yes,No,1,1,Small,Table/Shelf/Wall,Bedroom; Common Space,90° steps,Papa Shop; Wood; Ember; Arcade Reward,Subtle rarity sparkle,None,Inspect to show unlock story / achievement date,Paddle Battle,Reward-track item. Reuse game visual motifs without copying external branded assets.
win-in-arcade-goat-run-goat-rescue-pennant,Goat Rescue Pennant,Wall Decor,Wall Decor,Goat Run,Uncommon,Win in Arcade,Gunner's Goat Run,First clear / first meaningful completion,First clear / first meaningful completion,,60,0.25,Yes,Yes,No,No,1,0,Flat,Wall,Bedroom; Common Space,90° steps,Farm; Gunner; Creek; Arcade Reward,None,None,Inspect / memory card,Goat Run,Reward-track item. Reuse game visual motifs without copying external branded assets.
win-in-arcade-goat-run-creek-log-side-table,Creek Log Side Table,Tables,Tables,Goat Run,Rare,Win in Arcade,Gunner's Goat Run,5 wins / 5 clears,5 wins / 5 clears,,100,0.25,Yes,Yes,No,No,2,1,Medium,Floor,Bedroom; Common Space,90° steps,Farm; Gunner; Creek; Arcade Reward,None,None,Surface for small decor,Goat Run,Reward-track item. Reuse game visual motifs without copying external branded assets.
win-in-arcade-goat-run-gunner-paw-lamp,Gunner Paw Lamp,Lighting,Lighting,Goat Run,Rare,Win in Arcade,Gunner's Goat Run,10 wins / 10 clears,10 wins / 10 clears,,120,0.25,Yes,Yes,No,No,1,1,Medium,Floor/Wall/Ceiling,Bedroom; Common Space,90° steps,Farm; Gunner; Creek; Arcade Reward,None,None,Toggle / lighting preset,Goat Run,Reward-track item. Reuse game visual motifs without copying external branded assets.
win-in-arcade-goat-run-goat-trail-rug,Goat Trail Rug,Rugs,Rugs,Goat Run,Epic,Win in Arcade,Gunner's Goat Run,Perfect score or designated high-skill objective,Perfect score or designated high-skill objective,,220,0.25,Yes,Yes,No,No,2,2,Flat,Floor,Bedroom; Common Space,90° steps,Farm; Gunner; Creek; Arcade Reward,Subtle rarity sparkle,None,Decorative,Goat Run,Reward-track item. Reuse game visual motifs without copying external branded assets.
win-in-arcade-goat-run-farm-rescue-gear-shelf,Farm Rescue Gear Shelf,Storage,Storage,Goat Run,Epic,Win in Arcade,Gunner's Goat Run,Hard-mode / difficult-level milestone,Hard-mode / difficult-level milestone,,240,0.25,Yes,Yes,No,No,2,1,Tall,Floor/Wall,Bedroom; Common Space,90° steps,Farm; Gunner; Creek; Arcade Reward,Subtle rarity sparkle,None,Open/inspect later,Goat Run,Reward-track item. Reuse game visual motifs without copying external branded assets.
win-in-arcade-goat-run-farm-trail-dog-bed,Farm Trail Dog Bed,Pet Items,Pet Beds & Dog Items,Goat Run,Uncommon,Win in Arcade,Gunner's Goat Run,Complete the game-specific daily challenge,Complete the game-specific daily challenge,,70,0.25,Yes,Yes,No,No,1,1,Low,Floor,Bedroom; Common Space; Guest House,90° steps,Farm; Gunner; Creek; Arcade Reward,None,None,Dog wander target / rest animation later,Goat Run,Reward-track item. Reuse game visual motifs without copying external branded assets.
win-in-arcade-goat-run-animated-goat-crossing-diorama,Animated Goat Crossing Diorama,Collectibles,Collectibles,Goat Run,Epic,Win in Arcade,Gunner's Goat Run,Mastery milestone / advanced level,Mastery milestone / advanced level,,260,0.25,Yes,Yes,No,No,1,1,Small,Table/Shelf/Wall,Bedroom; Common Space,90° steps,Farm; Gunner; Creek; Arcade Reward,Animated loop,None,Inspect achievement / history,Goat Run,Reward-track item. Reuse game visual motifs without copying external branded assets.
win-in-arcade-goat-run-goat-run-tv-channel,Goat Run TV Channel,Electronics,Electronics,Goat Run,Rare,Win in Arcade,Gunner's Goat Run,Unlock the game-specific media channel,Unlock the game-specific media channel,,140,0.25,Yes,Yes,No,No,2,1,Medium,Floor/Wall,Bedroom; Common Space,90° steps,Farm; Gunner; Creek; Arcade Reward,Looping themed game footage/screensaver,Muted by default; optional themed channel audio,Select as an unlocked TV channel,Goat Run,Reward-track item. Reuse game visual motifs without copying external branded assets.
win-in-arcade-goat-run-gunner-s-goat-guardian-trophy,Gunner’s Goat Guardian Trophy,Collectibles,Collectibles,Goat Run,Family Legendary,Win in Arcade,Gunner's Goat Run,Top mastery milestone / long-term achievement,Top mastery milestone / long-term achievement,,500,0.25,No,Yes,Yes,No,1,1,Small,Table/Shelf/Wall,Bedroom; Common Space,90° steps,Farm; Gunner; Creek; Arcade Reward,Subtle rarity sparkle,None,Inspect to show unlock story / achievement date,Goat Run,Reward-track item. Reuse game visual motifs without copying external branded assets.
win-in-arcade-shop-bomber-wrench-and-spark-pennant,Wrench & Spark Pennant,Wall Decor,Wall Decor,Shop Bomber,Uncommon,Win in Arcade,John's Shop Bomber,First clear / first meaningful completion,First clear / first meaningful completion,,60,0.25,Yes,Yes,No,No,1,0,Flat,Wall,Bedroom; Common Space,90° steps,John; Workshop; Sparks; Arcade Reward,None,None,Inspect / memory card,Shop Bomber,Reward-track item. Reuse game visual motifs without copying external branded assets.
win-in-arcade-shop-bomber-steel-drum-side-table,Steel Drum Side Table,Tables,Tables,Shop Bomber,Rare,Win in Arcade,John's Shop Bomber,5 wins / 5 clears,5 wins / 5 clears,,100,0.25,Yes,Yes,No,No,2,1,Medium,Floor,Bedroom; Common Space,90° steps,John; Workshop; Sparks; Arcade Reward,None,None,Surface for small decor,Shop Bomber,Reward-track item. Reuse game visual motifs without copying external branded assets.
win-in-arcade-shop-bomber-spark-charge-lamp,Spark Charge Lamp,Lighting,Lighting,Shop Bomber,Rare,Win in Arcade,John's Shop Bomber,10 wins / 10 clears,10 wins / 10 clears,,120,0.25,Yes,Yes,No,No,1,1,Medium,Floor/Wall/Ceiling,Bedroom; Common Space,90° steps,John; Workshop; Sparks; Arcade Reward,None,None,Toggle / lighting preset,Shop Bomber,Reward-track item. Reuse game visual motifs without copying external branded assets.
win-in-arcade-shop-bomber-shop-floor-target-rug,Shop Floor Target Rug,Rugs,Rugs,Shop Bomber,Epic,Win in Arcade,John's Shop Bomber,Perfect score or designated high-skill objective,Perfect score or designated high-skill objective,,220,0.25,Yes,Yes,No,No,2,2,Flat,Floor,Bedroom; Common Space,90° steps,John; Workshop; Sparks; Arcade Reward,Subtle rarity sparkle,None,Decorative,Shop Bomber,Reward-track item. Reuse game visual motifs without copying external branded assets.
win-in-arcade-shop-bomber-wrench-display-shelf,Wrench Display Shelf,Storage,Storage,Shop Bomber,Epic,Win in Arcade,John's Shop Bomber,Hard-mode / difficult-level milestone,Hard-mode / difficult-level milestone,,240,0.25,Yes,Yes,No,No,2,1,Tall,Floor/Wall,Bedroom; Common Space,90° steps,John; Workshop; Sparks; Arcade Reward,Subtle rarity sparkle,None,Open/inspect later,Shop Bomber,Reward-track item. Reuse game visual motifs without copying external branded assets.
win-in-arcade-shop-bomber-plaid-shop-cushion,Plaid Shop Cushion,Decorations,Decorations,Shop Bomber,Uncommon,Win in Arcade,John's Shop Bomber,Complete the game-specific daily challenge,Complete the game-specific daily challenge,,70,0.25,Yes,Yes,No,No,1,1,Small,Floor/Table/Wall,Bedroom; Common Space,90° steps,John; Workshop; Sparks; Arcade Reward,None,None,Decorative,Shop Bomber,Reward-track item. Reuse game visual motifs without copying external branded assets.
win-in-arcade-shop-bomber-animated-junk-clear-diorama,Animated Junk-Clear Diorama,Collectibles,Collectibles,Shop Bomber,Epic,Win in Arcade,John's Shop Bomber,Mastery milestone / advanced level,Mastery milestone / advanced level,,260,0.25,Yes,Yes,No,No,1,1,Small,Table/Shelf/Wall,Bedroom; Common Space,90° steps,John; Workshop; Sparks; Arcade Reward,Animated loop,None,Inspect achievement / history,Shop Bomber,Reward-track item. Reuse game visual motifs without copying external branded assets.
win-in-arcade-shop-bomber-shop-bomber-tv-channel,Shop Bomber TV Channel,Electronics,Electronics,Shop Bomber,Rare,Win in Arcade,John's Shop Bomber,Unlock the game-specific media channel,Unlock the game-specific media channel,,140,0.25,Yes,Yes,No,No,2,1,Medium,Floor/Wall,Bedroom; Common Space,90° steps,John; Workshop; Sparks; Arcade Reward,Looping themed game footage/screensaver,Muted by default; optional themed channel audio,Select as an unlocked TV channel,Shop Bomber,Reward-track item. Reuse game visual motifs without copying external branded assets.
win-in-arcade-shop-bomber-john-s-master-wrench-trophy,John’s Master Wrench Trophy,Collectibles,Collectibles,Shop Bomber,Family Legendary,Win in Arcade,John's Shop Bomber,Top mastery milestone / long-term achievement,Top mastery milestone / long-term achievement,,500,0.25,No,Yes,Yes,No,1,1,Small,Table/Shelf/Wall,Bedroom; Common Space,90° steps,John; Workshop; Sparks; Arcade Reward,Subtle rarity sparkle,None,Inspect to show unlock story / achievement date,Shop Bomber,Reward-track item. Reuse game visual motifs without copying external branded assets.
win-in-arcade-lumber-stack-stacked-timber-pennant,Stacked Timber Pennant,Wall Decor,Wall Decor,Lumber Stack,Uncommon,Win in Arcade,James's Lumber Stack,First clear / first meaningful completion,First clear / first meaningful completion,,60,0.25,Yes,Yes,No,No,1,0,Flat,Wall,Bedroom; Common Space,90° steps,James; Timber; Quiet; Arcade Reward,None,None,Inspect / memory card,Lumber Stack,Reward-track item. Reuse game visual motifs without copying external branded assets.
win-in-arcade-lumber-stack-log-cut-side-table,Log-Cut Side Table,Tables,Tables,Lumber Stack,Rare,Win in Arcade,James's Lumber Stack,5 wins / 5 clears,5 wins / 5 clears,,100,0.25,Yes,Yes,No,No,2,1,Medium,Floor,Bedroom; Common Space,90° steps,James; Timber; Quiet; Arcade Reward,None,None,Surface for small decor,Lumber Stack,Reward-track item. Reuse game visual motifs without copying external branded assets.
win-in-arcade-lumber-stack-sawmill-lantern,Sawmill Lantern,Lighting,Lighting,Lumber Stack,Rare,Win in Arcade,James's Lumber Stack,10 wins / 10 clears,10 wins / 10 clears,,120,0.25,Yes,Yes,No,No,1,1,Medium,Floor/Wall/Ceiling,Bedroom; Common Space,90° steps,James; Timber; Quiet; Arcade Reward,None,None,Toggle / lighting preset,Lumber Stack,Reward-track item. Reuse game visual motifs without copying external branded assets.
win-in-arcade-lumber-stack-lumber-grid-rug,Lumber Grid Rug,Rugs,Rugs,Lumber Stack,Epic,Win in Arcade,James's Lumber Stack,Perfect score or designated high-skill objective,Perfect score or designated high-skill objective,,220,0.25,Yes,Yes,No,No,2,2,Flat,Floor,Bedroom; Common Space,90° steps,James; Timber; Quiet; Arcade Reward,Subtle rarity sparkle,None,Decorative,Lumber Stack,Reward-track item. Reuse game visual motifs without copying external branded assets.
win-in-arcade-lumber-stack-perfect-stack-shelf,Perfect Stack Shelf,Storage,Storage,Lumber Stack,Epic,Win in Arcade,James's Lumber Stack,Hard-mode / difficult-level milestone,Hard-mode / difficult-level milestone,,240,0.25,Yes,Yes,No,No,2,1,Tall,Floor/Wall,Bedroom; Common Space,90° steps,James; Timber; Quiet; Arcade Reward,Subtle rarity sparkle,None,Open/inspect later,Lumber Stack,Reward-track item. Reuse game visual motifs without copying external branded assets.
win-in-arcade-lumber-stack-quiet-cabin-cushion,Quiet Cabin Cushion,Decorations,Decorations,Lumber Stack,Uncommon,Win in Arcade,James's Lumber Stack,Complete the game-specific daily challenge,Complete the game-specific daily challenge,,70,0.25,Yes,Yes,No,No,1,1,Small,Floor/Table/Wall,Bedroom; Common Space,90° steps,James; Timber; Quiet; Arcade Reward,None,None,Decorative,Lumber Stack,Reward-track item. Reuse game visual motifs without copying external branded assets.
win-in-arcade-lumber-stack-animated-timber-stack-sculpture,Animated Timber Stack Sculpture,Collectibles,Collectibles,Lumber Stack,Epic,Win in Arcade,James's Lumber Stack,Mastery milestone / advanced level,Mastery milestone / advanced level,,260,0.25,Yes,Yes,No,No,1,1,Small,Table/Shelf/Wall,Bedroom; Common Space,90° steps,James; Timber; Quiet; Arcade Reward,Animated loop,None,Inspect achievement / history,Lumber Stack,Reward-track item. Reuse game visual motifs without copying external branded assets.
win-in-arcade-lumber-stack-lumber-stack-tv-channel,Lumber Stack TV Channel,Electronics,Electronics,Lumber Stack,Rare,Win in Arcade,James's Lumber Stack,Unlock the game-specific media channel,Unlock the game-specific media channel,,140,0.25,Yes,Yes,No,No,2,1,Medium,Floor/Wall,Bedroom; Common Space,90° steps,James; Timber; Quiet; Arcade Reward,Looping themed game footage/screensaver,Muted by default; optional themed channel audio,Select as an unlocked TV channel,Lumber Stack,Reward-track item. Reuse game visual motifs without copying external branded assets.
win-in-arcade-lumber-stack-james-s-perfect-stack-trophy,James’s Perfect Stack Trophy,Collectibles,Collectibles,Lumber Stack,Family Legendary,Win in Arcade,James's Lumber Stack,Top mastery milestone / long-term achievement,Top mastery milestone / long-term achievement,,500,0.25,No,Yes,Yes,No,1,1,Small,Table/Shelf/Wall,Bedroom; Common Space,90° steps,James; Timber; Quiet; Arcade Reward,Subtle rarity sparkle,None,Inspect to show unlock story / achievement date,Lumber Stack,Reward-track item. Reuse game visual motifs without copying external branded assets.
win-in-arcade-garden-merge-flower-merge-pennant,Flower Merge Pennant,Wall Decor,Wall Decor,Garden Merge,Uncommon,Win in Arcade,Dorothy's Garden Merge,First clear / first meaningful completion,First clear / first meaningful completion,,60,0.25,Yes,Yes,No,No,1,0,Flat,Wall,Bedroom; Common Space,90° steps,Dorothy; Flowers; Cottage; Arcade Reward,None,None,Inspect / memory card,Garden Merge,Reward-track item. Reuse game visual motifs without copying external branded assets.
win-in-arcade-garden-merge-petal-side-table,Petal Side Table,Tables,Tables,Garden Merge,Rare,Win in Arcade,Dorothy's Garden Merge,5 wins / 5 clears,5 wins / 5 clears,,100,0.25,Yes,Yes,No,No,2,1,Medium,Floor,Bedroom; Common Space,90° steps,Dorothy; Flowers; Cottage; Arcade Reward,None,None,Surface for small decor,Garden Merge,Reward-track item. Reuse game visual motifs without copying external branded assets.
win-in-arcade-garden-merge-bloom-lantern,Bloom Lantern,Lighting,Lighting,Garden Merge,Rare,Win in Arcade,Dorothy's Garden Merge,10 wins / 10 clears,10 wins / 10 clears,,120,0.25,Yes,Yes,No,No,1,1,Medium,Floor/Wall/Ceiling,Bedroom; Common Space,90° steps,Dorothy; Flowers; Cottage; Arcade Reward,None,None,Toggle / lighting preset,Garden Merge,Reward-track item. Reuse game visual motifs without copying external branded assets.
win-in-arcade-garden-merge-garden-bed-rug,Garden Bed Rug,Rugs,Rugs,Garden Merge,Epic,Win in Arcade,Dorothy's Garden Merge,Perfect score or designated high-skill objective,Perfect score or designated high-skill objective,,220,0.25,Yes,Yes,No,No,2,2,Flat,Floor,Bedroom; Common Space,90° steps,Dorothy; Flowers; Cottage; Arcade Reward,Subtle rarity sparkle,None,Decorative,Garden Merge,Reward-track item. Reuse game visual motifs without copying external branded assets.
win-in-arcade-garden-merge-seed-collection-shelf,Seed Collection Shelf,Storage,Storage,Garden Merge,Epic,Win in Arcade,Dorothy's Garden Merge,Hard-mode / difficult-level milestone,Hard-mode / difficult-level milestone,,240,0.25,Yes,Yes,No,No,2,1,Tall,Floor/Wall,Bedroom; Common Space,90° steps,Dorothy; Flowers; Cottage; Arcade Reward,Subtle rarity sparkle,None,Open/inspect later,Garden Merge,Reward-track item. Reuse game visual motifs without copying external branded assets.
win-in-arcade-garden-merge-floral-cushion,Floral Cushion,Decorations,Decorations,Garden Merge,Uncommon,Win in Arcade,Dorothy's Garden Merge,Complete the game-specific daily challenge,Complete the game-specific daily challenge,,70,0.25,Yes,Yes,No,No,1,1,Small,Floor/Table/Wall,Bedroom; Common Space,90° steps,Dorothy; Flowers; Cottage; Arcade Reward,None,None,Decorative,Garden Merge,Reward-track item. Reuse game visual motifs without copying external branded assets.
win-in-arcade-garden-merge-animated-blooming-planter,Animated Blooming Planter,Collectibles,Collectibles,Garden Merge,Epic,Win in Arcade,Dorothy's Garden Merge,Mastery milestone / advanced level,Mastery milestone / advanced level,,260,0.25,Yes,Yes,No,No,1,1,Small,Table/Shelf/Wall,Bedroom; Common Space,90° steps,Dorothy; Flowers; Cottage; Arcade Reward,Animated loop,None,Inspect achievement / history,Garden Merge,Reward-track item. Reuse game visual motifs without copying external branded assets.
win-in-arcade-garden-merge-garden-merge-tv-channel,Garden Merge TV Channel,Electronics,Electronics,Garden Merge,Rare,Win in Arcade,Dorothy's Garden Merge,Unlock the game-specific media channel,Unlock the game-specific media channel,,140,0.25,Yes,Yes,No,No,2,1,Medium,Floor/Wall,Bedroom; Common Space,90° steps,Dorothy; Flowers; Cottage; Arcade Reward,Looping themed game footage/screensaver,Muted by default; optional themed channel audio,Select as an unlocked TV channel,Garden Merge,Reward-track item. Reuse game visual motifs without copying external branded assets.
win-in-arcade-garden-merge-dorothy-s-master-gardener-trophy,Dorothy’s Master Gardener Trophy,Collectibles,Collectibles,Garden Merge,Family Legendary,Win in Arcade,Dorothy's Garden Merge,Top mastery milestone / long-term achievement,Top mastery milestone / long-term achievement,,500,0.25,No,Yes,Yes,No,1,1,Small,Table/Shelf/Wall,Bedroom; Common Space,90° steps,Dorothy; Flowers; Cottage; Arcade Reward,Subtle rarity sparkle,None,Inspect to show unlock story / achievement date,Garden Merge,Reward-track item. Reuse game visual motifs without copying external branded assets.
win-in-arcade-trail-logic-dirt-bike-pennant,Dirt Bike Pennant,Wall Decor,Wall Decor,Trail Logic,Uncommon,Win in Arcade,Logan's Trail Logic,First clear / first meaningful completion,First clear / first meaningful completion,,60,0.25,Yes,Yes,No,No,1,0,Flat,Wall,Bedroom; Common Space,90° steps,Logan; Dirt Bike; Trail; Arcade Reward,None,None,Inspect / memory card,Trail Logic,Reward-track item. Reuse game visual motifs without copying external branded assets.
win-in-arcade-trail-logic-trail-marker-side-table,Trail Marker Side Table,Tables,Tables,Trail Logic,Rare,Win in Arcade,Logan's Trail Logic,5 wins / 5 clears,5 wins / 5 clears,,100,0.25,Yes,Yes,No,No,2,1,Medium,Floor,Bedroom; Common Space,90° steps,Logan; Dirt Bike; Trail; Arcade Reward,None,None,Surface for small decor,Trail Logic,Reward-track item. Reuse game visual motifs without copying external branded assets.
win-in-arcade-trail-logic-headlight-lamp,Headlight Lamp,Lighting,Lighting,Trail Logic,Rare,Win in Arcade,Logan's Trail Logic,10 wins / 10 clears,10 wins / 10 clears,,120,0.25,Yes,Yes,No,No,1,1,Medium,Floor/Wall/Ceiling,Bedroom; Common Space,90° steps,Logan; Dirt Bike; Trail; Arcade Reward,None,None,Toggle / lighting preset,Trail Logic,Reward-track item. Reuse game visual motifs without copying external branded assets.
win-in-arcade-trail-logic-switchback-trail-rug,Switchback Trail Rug,Rugs,Rugs,Trail Logic,Epic,Win in Arcade,Logan's Trail Logic,Perfect score or designated high-skill objective,Perfect score or designated high-skill objective,,220,0.25,Yes,Yes,No,No,2,2,Flat,Floor,Bedroom; Common Space,90° steps,Logan; Dirt Bike; Trail; Arcade Reward,Subtle rarity sparkle,None,Decorative,Trail Logic,Reward-track item. Reuse game visual motifs without copying external branded assets.
win-in-arcade-trail-logic-helmet-display-shelf,Helmet Display Shelf,Storage,Storage,Trail Logic,Epic,Win in Arcade,Logan's Trail Logic,Hard-mode / difficult-level milestone,Hard-mode / difficult-level milestone,,240,0.25,Yes,Yes,No,No,2,1,Tall,Floor/Wall,Bedroom; Common Space,90° steps,Logan; Dirt Bike; Trail; Arcade Reward,Subtle rarity sparkle,None,Open/inspect later,Trail Logic,Reward-track item. Reuse game visual motifs without copying external branded assets.
win-in-arcade-trail-logic-mud-splatter-cushion,Mud-Splatter Cushion,Decorations,Decorations,Trail Logic,Uncommon,Win in Arcade,Logan's Trail Logic,Complete the game-specific daily challenge,Complete the game-specific daily challenge,,70,0.25,Yes,Yes,No,No,1,1,Small,Floor/Table/Wall,Bedroom; Common Space,90° steps,Logan; Dirt Bike; Trail; Arcade Reward,None,None,Decorative,Trail Logic,Reward-track item. Reuse game visual motifs without copying external branded assets.
win-in-arcade-trail-logic-animated-dirt-bike-model,Animated Dirt Bike Model,Collectibles,Collectibles,Trail Logic,Epic,Win in Arcade,Logan's Trail Logic,Mastery milestone / advanced level,Mastery milestone / advanced level,,260,0.25,Yes,Yes,No,No,1,1,Small,Table/Shelf/Wall,Bedroom; Common Space,90° steps,Logan; Dirt Bike; Trail; Arcade Reward,Animated loop,None,Inspect achievement / history,Trail Logic,Reward-track item. Reuse game visual motifs without copying external branded assets.
win-in-arcade-trail-logic-trail-logic-tv-channel,Trail Logic TV Channel,Electronics,Electronics,Trail Logic,Rare,Win in Arcade,Logan's Trail Logic,Unlock the game-specific media channel,Unlock the game-specific media channel,,140,0.25,Yes,Yes,No,No,2,1,Medium,Floor/Wall,Bedroom; Common Space,90° steps,Logan; Dirt Bike; Trail; Arcade Reward,Looping themed game footage/screensaver,Muted by default; optional themed channel audio,Select as an unlocked TV channel,Trail Logic,Reward-track item. Reuse game visual motifs without copying external branded assets.
win-in-arcade-trail-logic-logan-s-trail-master-trophy,Logan’s Trail Master Trophy,Collectibles,Collectibles,Trail Logic,Family Legendary,Win in Arcade,Logan's Trail Logic,Top mastery milestone / long-term achievement,Top mastery milestone / long-term achievement,,500,0.25,No,Yes,Yes,No,1,1,Small,Table/Shelf/Wall,Bedroom; Common Space,90° steps,Logan; Dirt Bike; Trail; Arcade Reward,Subtle rarity sparkle,None,Inspect to show unlock story / achievement date,Trail Logic,Reward-track item. Reuse game visual motifs without copying external branded assets.
win-in-arcade-goat-whack-nana-says-no-pennant,Nana Says No Pennant,Wall Decor,Wall Decor,Goat Whack,Uncommon,Win in Arcade,Nana's Goat Whack,First clear / first meaningful completion,First clear / first meaningful completion,,60,0.25,Yes,Yes,No,No,1,0,Flat,Wall,Bedroom; Common Space,90° steps,Nana; Farm; Animals; Arcade Reward,None,None,Inspect / memory card,Goat Whack,Reward-track item. Reuse game visual motifs without copying external branded assets.
win-in-arcade-goat-whack-feed-pail-side-table,Feed Pail Side Table,Tables,Tables,Goat Whack,Rare,Win in Arcade,Nana's Goat Whack,5 wins / 5 clears,5 wins / 5 clears,,100,0.25,Yes,Yes,No,No,2,1,Medium,Floor,Bedroom; Common Space,90° steps,Nana; Farm; Animals; Arcade Reward,None,None,Surface for small decor,Goat Whack,Reward-track item. Reuse game visual motifs without copying external branded assets.
win-in-arcade-goat-whack-barnyard-lamp,Barnyard Lamp,Lighting,Lighting,Goat Whack,Rare,Win in Arcade,Nana's Goat Whack,10 wins / 10 clears,10 wins / 10 clears,,120,0.25,Yes,Yes,No,No,1,1,Medium,Floor/Wall/Ceiling,Bedroom; Common Space,90° steps,Nana; Farm; Animals; Arcade Reward,None,None,Toggle / lighting preset,Goat Whack,Reward-track item. Reuse game visual motifs without copying external branded assets.
win-in-arcade-goat-whack-animal-score-rug,Animal Score Rug,Rugs,Rugs,Goat Whack,Epic,Win in Arcade,Nana's Goat Whack,Perfect score or designated high-skill objective,Perfect score or designated high-skill objective,,220,0.25,Yes,Yes,No,No,2,2,Flat,Floor,Bedroom; Common Space,90° steps,Nana; Farm; Animals; Arcade Reward,Subtle rarity sparkle,None,Decorative,Goat Whack,Reward-track item. Reuse game visual motifs without copying external branded assets.
win-in-arcade-goat-whack-farm-guide-shelf,Farm Guide Shelf,Storage,Storage,Goat Whack,Epic,Win in Arcade,Nana's Goat Whack,Hard-mode / difficult-level milestone,Hard-mode / difficult-level milestone,,240,0.25,Yes,Yes,No,No,2,1,Tall,Floor/Wall,Bedroom; Common Space,90° steps,Nana; Farm; Animals; Arcade Reward,Subtle rarity sparkle,None,Open/inspect later,Goat Whack,Reward-track item. Reuse game visual motifs without copying external branded assets.
win-in-arcade-goat-whack-chicken-print-cushion,Chicken-Print Cushion,Decorations,Decorations,Goat Whack,Uncommon,Win in Arcade,Nana's Goat Whack,Complete the game-specific daily challenge,Complete the game-specific daily challenge,,70,0.25,Yes,Yes,No,No,1,1,Small,Floor/Table/Wall,Bedroom; Common Space,90° steps,Nana; Farm; Animals; Arcade Reward,None,None,Decorative,Goat Whack,Reward-track item. Reuse game visual motifs without copying external branded assets.
win-in-arcade-goat-whack-animated-barnyard-target-toy,Animated Barnyard Target Toy,Collectibles,Collectibles,Goat Whack,Epic,Win in Arcade,Nana's Goat Whack,Mastery milestone / advanced level,Mastery milestone / advanced level,,260,0.25,Yes,Yes,No,No,1,1,Small,Table/Shelf/Wall,Bedroom; Common Space,90° steps,Nana; Farm; Animals; Arcade Reward,Animated loop,None,Inspect achievement / history,Goat Whack,Reward-track item. Reuse game visual motifs without copying external branded assets.
win-in-arcade-goat-whack-goat-whack-tv-channel,Goat Whack TV Channel,Electronics,Electronics,Goat Whack,Rare,Win in Arcade,Nana's Goat Whack,Unlock the game-specific media channel,Unlock the game-specific media channel,,140,0.25,Yes,Yes,No,No,2,1,Medium,Floor/Wall,Bedroom; Common Space,90° steps,Nana; Farm; Animals; Arcade Reward,Looping themed game footage/screensaver,Muted by default; optional themed channel audio,Select as an unlocked TV channel,Goat Whack,Reward-track item. Reuse game visual motifs without copying external branded assets.
win-in-arcade-goat-whack-nana-s-barn-boss-trophy,Nana’s Barn Boss Trophy,Collectibles,Collectibles,Goat Whack,Family Legendary,Win in Arcade,Nana's Goat Whack,Top mastery milestone / long-term achievement,Top mastery milestone / long-term achievement,,500,0.25,No,Yes,Yes,No,1,1,Small,Table/Shelf/Wall,Bedroom; Common Space,90° steps,Nana; Farm; Animals; Arcade Reward,Subtle rarity sparkle,None,Inspect to show unlock story / achievement date,Goat Whack,Reward-track item. Reuse game visual motifs without copying external branded assets.
win-in-arcade-memory-mayhem-cozy-toy-pennant,Cozy Toy Pennant,Wall Decor,Wall Decor,Memory Mayhem,Uncommon,Win in Arcade,Holly's Memory Mayhem,First clear / first meaningful completion,First clear / first meaningful completion,,60,0.25,Yes,Yes,No,No,1,0,Flat,Wall,Bedroom; Common Space,90° steps,Holly; Cute; Toys; Arcade Reward,None,None,Inspect / memory card,Memory Mayhem,Reward-track item. Reuse game visual motifs without copying external branded assets.
win-in-arcade-memory-mayhem-cloud-toy-table,Cloud Toy Table,Tables,Tables,Memory Mayhem,Rare,Win in Arcade,Holly's Memory Mayhem,5 wins / 5 clears,5 wins / 5 clears,,100,0.25,Yes,Yes,No,No,2,1,Medium,Floor,Bedroom; Common Space,90° steps,Holly; Cute; Toys; Arcade Reward,None,None,Surface for small decor,Memory Mayhem,Reward-track item. Reuse game visual motifs without copying external branded assets.
win-in-arcade-memory-mayhem-star-memory-lamp,Star Memory Lamp,Lighting,Lighting,Memory Mayhem,Rare,Win in Arcade,Holly's Memory Mayhem,10 wins / 10 clears,10 wins / 10 clears,,120,0.25,Yes,Yes,No,No,1,1,Medium,Floor/Wall/Ceiling,Bedroom; Common Space,90° steps,Holly; Cute; Toys; Arcade Reward,None,None,Toggle / lighting preset,Memory Mayhem,Reward-track item. Reuse game visual motifs without copying external branded assets.
win-in-arcade-memory-mayhem-match-pair-rug,Match-Pair Rug,Rugs,Rugs,Memory Mayhem,Epic,Win in Arcade,Holly's Memory Mayhem,Perfect score or designated high-skill objective,Perfect score or designated high-skill objective,,220,0.25,Yes,Yes,No,No,2,2,Flat,Floor,Bedroom; Common Space,90° steps,Holly; Cute; Toys; Arcade Reward,Subtle rarity sparkle,None,Decorative,Memory Mayhem,Reward-track item. Reuse game visual motifs without copying external branded assets.
win-in-arcade-memory-mayhem-collectible-toy-shelf,Collectible Toy Shelf,Storage,Storage,Memory Mayhem,Epic,Win in Arcade,Holly's Memory Mayhem,Hard-mode / difficult-level milestone,Hard-mode / difficult-level milestone,,240,0.25,Yes,Yes,No,No,2,1,Tall,Floor/Wall,Bedroom; Common Space,90° steps,Holly; Cute; Toys; Arcade Reward,Subtle rarity sparkle,None,Open/inspect later,Memory Mayhem,Reward-track item. Reuse game visual motifs without copying external branded assets.
win-in-arcade-memory-mayhem-heart-hoodie-cushion,Heart Hoodie Cushion,Decorations,Decorations,Memory Mayhem,Uncommon,Win in Arcade,Holly's Memory Mayhem,Complete the game-specific daily challenge,Complete the game-specific daily challenge,,70,0.25,Yes,Yes,No,No,1,1,Small,Floor/Table/Wall,Bedroom; Common Space,90° steps,Holly; Cute; Toys; Arcade Reward,None,None,Decorative,Memory Mayhem,Reward-track item. Reuse game visual motifs without copying external branded assets.
win-in-arcade-memory-mayhem-animated-matching-toy-box,Animated Matching Toy Box,Collectibles,Collectibles,Memory Mayhem,Epic,Win in Arcade,Holly's Memory Mayhem,Mastery milestone / advanced level,Mastery milestone / advanced level,,260,0.25,Yes,Yes,No,No,1,1,Small,Table/Shelf/Wall,Bedroom; Common Space,90° steps,Holly; Cute; Toys; Arcade Reward,Animated loop,None,Inspect achievement / history,Memory Mayhem,Reward-track item. Reuse game visual motifs without copying external branded assets.
win-in-arcade-memory-mayhem-memory-mayhem-tv-channel,Memory Mayhem TV Channel,Electronics,Electronics,Memory Mayhem,Rare,Win in Arcade,Holly's Memory Mayhem,Unlock the game-specific media channel,Unlock the game-specific media channel,,140,0.25,Yes,Yes,No,No,2,1,Medium,Floor/Wall,Bedroom; Common Space,90° steps,Holly; Cute; Toys; Arcade Reward,Looping themed game footage/screensaver,Muted by default; optional themed channel audio,Select as an unlocked TV channel,Memory Mayhem,Reward-track item. Reuse game visual motifs without copying external branded assets.
win-in-arcade-memory-mayhem-holly-s-memory-star-trophy,Holly’s Memory Star Trophy,Collectibles,Collectibles,Memory Mayhem,Family Legendary,Win in Arcade,Holly's Memory Mayhem,Top mastery milestone / long-term achievement,Top mastery milestone / long-term achievement,,500,0.25,No,Yes,Yes,No,1,1,Small,Table/Shelf/Wall,Bedroom; Common Space,90° steps,Holly; Cute; Toys; Arcade Reward,Subtle rarity sparkle,None,Inspect to show unlock story / achievement date,Memory Mayhem,Reward-track item. Reuse game visual motifs without copying external branded assets.
win-in-arcade-dramatic-lights-stage-cue-pennant,Stage Cue Pennant,Wall Decor,Wall Decor,Dramatic Lights,Uncommon,Win in Arcade,Lizzie's Dramatic Lights,First clear / first meaningful completion,First clear / first meaningful completion,,60,0.25,Yes,Yes,No,No,1,0,Flat,Wall,Bedroom; Common Space,90° steps,Lizzie; Dance; Stage; Arcade Reward,None,None,Inspect / memory card,Dramatic Lights,Reward-track item. Reuse game visual motifs without copying external branded assets.
win-in-arcade-dramatic-lights-dancer-side-table,Dancer Side Table,Tables,Tables,Dramatic Lights,Rare,Win in Arcade,Lizzie's Dramatic Lights,5 wins / 5 clears,5 wins / 5 clears,,100,0.25,Yes,Yes,No,No,2,1,Medium,Floor,Bedroom; Common Space,90° steps,Lizzie; Dance; Stage; Arcade Reward,None,None,Surface for small decor,Dramatic Lights,Reward-track item. Reuse game visual motifs without copying external branded assets.
win-in-arcade-dramatic-lights-sequence-spotlight,Sequence Spotlight,Lighting,Lighting,Dramatic Lights,Rare,Win in Arcade,Lizzie's Dramatic Lights,10 wins / 10 clears,10 wins / 10 clears,,120,0.25,Yes,Yes,No,No,1,1,Medium,Floor/Wall/Ceiling,Bedroom; Common Space,90° steps,Lizzie; Dance; Stage; Arcade Reward,None,None,Toggle / lighting preset,Dramatic Lights,Reward-track item. Reuse game visual motifs without copying external branded assets.
win-in-arcade-dramatic-lights-dance-floor-rug,Dance Floor Rug,Rugs,Rugs,Dramatic Lights,Epic,Win in Arcade,Lizzie's Dramatic Lights,Perfect score or designated high-skill objective,Perfect score or designated high-skill objective,,220,0.25,Yes,Yes,No,No,2,2,Flat,Floor,Bedroom; Common Space,90° steps,Lizzie; Dance; Stage; Arcade Reward,Subtle rarity sparkle,None,Decorative,Dramatic Lights,Reward-track item. Reuse game visual motifs without copying external branded assets.
win-in-arcade-dramatic-lights-ballet-display-shelf,Ballet Display Shelf,Storage,Storage,Dramatic Lights,Epic,Win in Arcade,Lizzie's Dramatic Lights,Hard-mode / difficult-level milestone,Hard-mode / difficult-level milestone,,240,0.25,Yes,Yes,No,No,2,1,Tall,Floor/Wall,Bedroom; Common Space,90° steps,Lizzie; Dance; Stage; Arcade Reward,Subtle rarity sparkle,None,Open/inspect later,Dramatic Lights,Reward-track item. Reuse game visual motifs without copying external branded assets.
win-in-arcade-dramatic-lights-drama-star-cushion,Drama Star Cushion,Decorations,Decorations,Dramatic Lights,Uncommon,Win in Arcade,Lizzie's Dramatic Lights,Complete the game-specific daily challenge,Complete the game-specific daily challenge,,70,0.25,Yes,Yes,No,No,1,1,Small,Floor/Table/Wall,Bedroom; Common Space,90° steps,Lizzie; Dance; Stage; Arcade Reward,None,None,Decorative,Dramatic Lights,Reward-track item. Reuse game visual motifs without copying external branded assets.
win-in-arcade-dramatic-lights-animated-stage-light-bar,Animated Stage Light Bar,Collectibles,Collectibles,Dramatic Lights,Epic,Win in Arcade,Lizzie's Dramatic Lights,Mastery milestone / advanced level,Mastery milestone / advanced level,,260,0.25,Yes,Yes,No,No,1,1,Small,Table/Shelf/Wall,Bedroom; Common Space,90° steps,Lizzie; Dance; Stage; Arcade Reward,Animated loop,None,Inspect achievement / history,Dramatic Lights,Reward-track item. Reuse game visual motifs without copying external branded assets.
win-in-arcade-dramatic-lights-dramatic-lights-tv-channel,Dramatic Lights TV Channel,Electronics,Electronics,Dramatic Lights,Rare,Win in Arcade,Lizzie's Dramatic Lights,Unlock the game-specific media channel,Unlock the game-specific media channel,,140,0.25,Yes,Yes,No,No,2,1,Medium,Floor/Wall,Bedroom; Common Space,90° steps,Lizzie; Dance; Stage; Arcade Reward,Looping themed game footage/screensaver,Muted by default; optional themed channel audio,Select as an unlocked TV channel,Dramatic Lights,Reward-track item. Reuse game visual motifs without copying external branded assets.
win-in-arcade-dramatic-lights-lizzie-s-spotlight-trophy,Lizzie’s Spotlight Trophy,Collectibles,Collectibles,Dramatic Lights,Family Legendary,Win in Arcade,Lizzie's Dramatic Lights,Top mastery milestone / long-term achievement,Top mastery milestone / long-term achievement,,500,0.25,No,Yes,Yes,No,1,1,Small,Table/Shelf/Wall,Bedroom; Common Space,90° steps,Lizzie; Dance; Stage; Arcade Reward,Subtle rarity sparkle,None,Inspect to show unlock story / achievement date,Dramatic Lights,Reward-track item. Reuse game visual motifs without copying external branded assets.
win-in-arcade-pipe-problem-pink-gmc-pennant,Pink GMC Pennant,Wall Decor,Wall Decor,Pipe Problem,Uncommon,Win in Arcade,Vanessa's Pipe Problem,First clear / first meaningful completion,First clear / first meaningful completion,,60,0.25,Yes,Yes,No,No,1,0,Flat,Wall,Bedroom; Common Space,90° steps,Vanessa; GMC; Worksite; Arcade Reward,None,None,Inspect / memory card,Pipe Problem,Reward-track item. Reuse game visual motifs without copying external branded assets.
win-in-arcade-pipe-problem-pipe-coupler-side-table,Pipe Coupler Side Table,Tables,Tables,Pipe Problem,Rare,Win in Arcade,Vanessa's Pipe Problem,5 wins / 5 clears,5 wins / 5 clears,,100,0.25,Yes,Yes,No,No,2,1,Medium,Floor,Bedroom; Common Space,90° steps,Vanessa; GMC; Worksite; Arcade Reward,None,None,Surface for small decor,Pipe Problem,Reward-track item. Reuse game visual motifs without copying external branded assets.
win-in-arcade-pipe-problem-worksite-beacon-lamp,Worksite Beacon Lamp,Lighting,Lighting,Pipe Problem,Rare,Win in Arcade,Vanessa's Pipe Problem,10 wins / 10 clears,10 wins / 10 clears,,120,0.25,Yes,Yes,No,No,1,1,Medium,Floor/Wall/Ceiling,Bedroom; Common Space,90° steps,Vanessa; GMC; Worksite; Arcade Reward,None,None,Toggle / lighting preset,Pipe Problem,Reward-track item. Reuse game visual motifs without copying external branded assets.
win-in-arcade-pipe-problem-wash-bay-rug,Wash Bay Rug,Rugs,Rugs,Pipe Problem,Epic,Win in Arcade,Vanessa's Pipe Problem,Perfect score or designated high-skill objective,Perfect score or designated high-skill objective,,220,0.25,Yes,Yes,No,No,2,2,Flat,Floor,Bedroom; Common Space,90° steps,Vanessa; GMC; Worksite; Arcade Reward,Subtle rarity sparkle,None,Decorative,Pipe Problem,Reward-track item. Reuse game visual motifs without copying external branded assets.
win-in-arcade-pipe-problem-chrome-pipe-display-shelf,Chrome Pipe Display Shelf,Storage,Storage,Pipe Problem,Epic,Win in Arcade,Vanessa's Pipe Problem,Hard-mode / difficult-level milestone,Hard-mode / difficult-level milestone,,240,0.25,Yes,Yes,No,No,2,1,Tall,Floor/Wall,Bedroom; Common Space,90° steps,Vanessa; GMC; Worksite; Arcade Reward,Subtle rarity sparkle,None,Open/inspect later,Pipe Problem,Reward-track item. Reuse game visual motifs without copying external branded assets.
win-in-arcade-pipe-problem-grey-truck-cushion,Grey Truck Cushion,Decorations,Decorations,Pipe Problem,Uncommon,Win in Arcade,Vanessa's Pipe Problem,Complete the game-specific daily challenge,Complete the game-specific daily challenge,,70,0.25,Yes,Yes,No,No,1,1,Small,Floor/Table/Wall,Bedroom; Common Space,90° steps,Vanessa; GMC; Worksite; Arcade Reward,None,None,Decorative,Pipe Problem,Reward-track item. Reuse game visual motifs without copying external branded assets.
win-in-arcade-pipe-problem-animated-wash-line-model,Animated Wash-Line Model,Collectibles,Collectibles,Pipe Problem,Epic,Win in Arcade,Vanessa's Pipe Problem,Mastery milestone / advanced level,Mastery milestone / advanced level,,260,0.25,Yes,Yes,No,No,1,1,Small,Table/Shelf/Wall,Bedroom; Common Space,90° steps,Vanessa; GMC; Worksite; Arcade Reward,Animated loop,None,Inspect achievement / history,Pipe Problem,Reward-track item. Reuse game visual motifs without copying external branded assets.
win-in-arcade-pipe-problem-pipe-problem-tv-channel,Pipe Problem TV Channel,Electronics,Electronics,Pipe Problem,Rare,Win in Arcade,Vanessa's Pipe Problem,Unlock the game-specific media channel,Unlock the game-specific media channel,,140,0.25,Yes,Yes,No,No,2,1,Medium,Floor/Wall,Bedroom; Common Space,90° steps,Vanessa; GMC; Worksite; Arcade Reward,Looping themed game footage/screensaver,Muted by default; optional themed channel audio,Select as an unlocked TV channel,Pipe Problem,Reward-track item. Reuse game visual motifs without copying external branded assets.
win-in-arcade-pipe-problem-vanessa-s-pipeline-pro-trophy,Vanessa’s Pipeline Pro Trophy,Collectibles,Collectibles,Pipe Problem,Family Legendary,Win in Arcade,Vanessa's Pipe Problem,Top mastery milestone / long-term achievement,Top mastery milestone / long-term achievement,,500,0.25,No,Yes,Yes,No,1,1,Small,Table/Shelf/Wall,Bedroom; Common Space,90° steps,Vanessa; GMC; Worksite; Arcade Reward,Subtle rarity sparkle,None,Inspect to show unlock story / achievement date,Pipe Problem,Reward-track item. Reuse game visual motifs without copying external branded assets.
win-in-arcade-light-chase-molly-chase-pennant,Molly Chase Pennant,Wall Decor,Wall Decor,Light Chase,Uncommon,Win in Arcade,Molly's Light Chase,First clear / first meaningful completion,First clear / first meaningful completion,,60,0.25,Yes,Yes,No,No,1,0,Flat,Wall,Bedroom; Common Space,90° steps,Molly; Dog; Light; Arcade Reward,None,None,Inspect / memory card,Light Chase,Reward-track item. Reuse game visual motifs without copying external branded assets.
win-in-arcade-light-chase-pawprint-side-table,Pawprint Side Table,Tables,Tables,Light Chase,Rare,Win in Arcade,Molly's Light Chase,5 wins / 5 clears,5 wins / 5 clears,,100,0.25,Yes,Yes,No,No,2,1,Medium,Floor,Bedroom; Common Space,90° steps,Molly; Dog; Light; Arcade Reward,None,None,Surface for small decor,Light Chase,Reward-track item. Reuse game visual motifs without copying external branded assets.
win-in-arcade-light-chase-bouncing-light-lamp,Bouncing Light Lamp,Lighting,Lighting,Light Chase,Rare,Win in Arcade,Molly's Light Chase,10 wins / 10 clears,10 wins / 10 clears,,120,0.25,Yes,Yes,No,No,1,1,Medium,Floor/Wall/Ceiling,Bedroom; Common Space,90° steps,Molly; Dog; Light; Arcade Reward,None,None,Toggle / lighting preset,Light Chase,Reward-track item. Reuse game visual motifs without copying external branded assets.
win-in-arcade-light-chase-zoomies-rug,Zoomies Rug,Rugs,Rugs,Light Chase,Epic,Win in Arcade,Molly's Light Chase,Perfect score or designated high-skill objective,Perfect score or designated high-skill objective,,220,0.25,Yes,Yes,No,No,2,2,Flat,Floor,Bedroom; Common Space,90° steps,Molly; Dog; Light; Arcade Reward,Subtle rarity sparkle,None,Decorative,Light Chase,Reward-track item. Reuse game visual motifs without copying external branded assets.
win-in-arcade-light-chase-dog-toy-display-shelf,Dog Toy Display Shelf,Storage,Storage,Light Chase,Epic,Win in Arcade,Molly's Light Chase,Hard-mode / difficult-level milestone,Hard-mode / difficult-level milestone,,240,0.25,Yes,Yes,No,No,2,1,Tall,Floor/Wall,Bedroom; Common Space,90° steps,Molly; Dog; Light; Arcade Reward,Subtle rarity sparkle,None,Open/inspect later,Light Chase,Reward-track item. Reuse game visual motifs without copying external branded assets.
win-in-arcade-light-chase-molly-nap-bed,Molly Nap Bed,Pet Items,Pet Beds & Dog Items,Light Chase,Uncommon,Win in Arcade,Molly's Light Chase,Complete the game-specific daily challenge,Complete the game-specific daily challenge,,70,0.25,Yes,Yes,No,No,1,1,Low,Floor,Bedroom; Common Space; Guest House,90° steps,Molly; Dog; Light; Arcade Reward,None,None,Dog wander target / rest animation later,Light Chase,Reward-track item. Reuse game visual motifs without copying external branded assets.
win-in-arcade-light-chase-animated-light-chase-orb,Animated Light-Chase Orb,Collectibles,Collectibles,Light Chase,Epic,Win in Arcade,Molly's Light Chase,Mastery milestone / advanced level,Mastery milestone / advanced level,,260,0.25,Yes,Yes,No,No,1,1,Small,Table/Shelf/Wall,Bedroom; Common Space,90° steps,Molly; Dog; Light; Arcade Reward,Animated loop,None,Inspect achievement / history,Light Chase,Reward-track item. Reuse game visual motifs without copying external branded assets.
win-in-arcade-light-chase-light-chase-tv-channel,Light Chase TV Channel,Electronics,Electronics,Light Chase,Rare,Win in Arcade,Molly's Light Chase,Unlock the game-specific media channel,Unlock the game-specific media channel,,140,0.25,Yes,Yes,No,No,2,1,Medium,Floor/Wall,Bedroom; Common Space,90° steps,Molly; Dog; Light; Arcade Reward,Looping themed game footage/screensaver,Muted by default; optional themed channel audio,Select as an unlocked TV channel,Light Chase,Reward-track item. Reuse game visual motifs without copying external branded assets.
win-in-arcade-light-chase-molly-s-light-catcher-trophy,Molly’s Light Catcher Trophy,Collectibles,Collectibles,Light Chase,Family Legendary,Win in Arcade,Molly's Light Chase,Top mastery milestone / long-term achievement,Top mastery milestone / long-term achievement,,500,0.25,No,Yes,Yes,No,1,1,Small,Table/Shelf/Wall,Bedroom; Common Space,90° steps,Molly; Dog; Light; Arcade Reward,Subtle rarity sparkle,None,Inspect to show unlock story / achievement date,Light Chase,Reward-track item. Reuse game visual motifs without copying external branded assets.
win-in-arcade-snack-attack-snack-run-pennant,Snack Run Pennant,Wall Decor,Wall Decor,Snack Attack,Uncommon,Win in Arcade,Gunner's Snack Attack,First clear / first meaningful completion,First clear / first meaningful completion,,60,0.25,Yes,Yes,No,No,1,0,Flat,Wall,Bedroom; Common Space,90° steps,Gunner; Snacks; Farm; Arcade Reward,None,None,Inspect / memory card,Snack Attack,Reward-track item. Reuse game visual motifs without copying external branded assets.
win-in-arcade-snack-attack-treat-tin-side-table,Treat Tin Side Table,Tables,Tables,Snack Attack,Rare,Win in Arcade,Gunner's Snack Attack,5 wins / 5 clears,5 wins / 5 clears,,100,0.25,Yes,Yes,No,No,2,1,Medium,Floor,Bedroom; Common Space,90° steps,Gunner; Snacks; Farm; Arcade Reward,None,None,Surface for small decor,Snack Attack,Reward-track item. Reuse game visual motifs without copying external branded assets.
win-in-arcade-snack-attack-snack-beacon-lamp,Snack Beacon Lamp,Lighting,Lighting,Snack Attack,Rare,Win in Arcade,Gunner's Snack Attack,10 wins / 10 clears,10 wins / 10 clears,,120,0.25,Yes,Yes,No,No,1,1,Medium,Floor/Wall/Ceiling,Bedroom; Common Space,90° steps,Gunner; Snacks; Farm; Arcade Reward,None,None,Toggle / lighting preset,Snack Attack,Reward-track item. Reuse game visual motifs without copying external branded assets.
win-in-arcade-snack-attack-crumb-trail-rug,Crumb Trail Rug,Rugs,Rugs,Snack Attack,Epic,Win in Arcade,Gunner's Snack Attack,Perfect score or designated high-skill objective,Perfect score or designated high-skill objective,,220,0.25,Yes,Yes,No,No,2,2,Flat,Floor,Bedroom; Common Space,90° steps,Gunner; Snacks; Farm; Arcade Reward,Subtle rarity sparkle,None,Decorative,Snack Attack,Reward-track item. Reuse game visual motifs without copying external branded assets.
win-in-arcade-snack-attack-treat-jar-display-shelf,Treat Jar Display Shelf,Storage,Storage,Snack Attack,Epic,Win in Arcade,Gunner's Snack Attack,Hard-mode / difficult-level milestone,Hard-mode / difficult-level milestone,,240,0.25,Yes,Yes,No,No,2,1,Tall,Floor/Wall,Bedroom; Common Space,90° steps,Gunner; Snacks; Farm; Arcade Reward,Subtle rarity sparkle,None,Open/inspect later,Snack Attack,Reward-track item. Reuse game visual motifs without copying external branded assets.
win-in-arcade-snack-attack-gunner-snack-nap-bed,Gunner Snack-Nap Bed,Pet Items,Pet Beds & Dog Items,Snack Attack,Uncommon,Win in Arcade,Gunner's Snack Attack,Complete the game-specific daily challenge,Complete the game-specific daily challenge,,70,0.25,Yes,Yes,No,No,1,1,Low,Floor,Bedroom; Common Space; Guest House,90° steps,Gunner; Snacks; Farm; Arcade Reward,None,None,Dog wander target / rest animation later,Snack Attack,Reward-track item. Reuse game visual motifs without copying external branded assets.
win-in-arcade-snack-attack-animated-snack-basket,Animated Snack Basket,Collectibles,Collectibles,Snack Attack,Epic,Win in Arcade,Gunner's Snack Attack,Mastery milestone / advanced level,Mastery milestone / advanced level,,260,0.25,Yes,Yes,No,No,1,1,Small,Table/Shelf/Wall,Bedroom; Common Space,90° steps,Gunner; Snacks; Farm; Arcade Reward,Animated loop,None,Inspect achievement / history,Snack Attack,Reward-track item. Reuse game visual motifs without copying external branded assets.
win-in-arcade-snack-attack-snack-attack-tv-channel,Snack Attack TV Channel,Electronics,Electronics,Snack Attack,Rare,Win in Arcade,Gunner's Snack Attack,Unlock the game-specific media channel,Unlock the game-specific media channel,,140,0.25,Yes,Yes,No,No,2,1,Medium,Floor/Wall,Bedroom; Common Space,90° steps,Gunner; Snacks; Farm; Arcade Reward,Looping themed game footage/screensaver,Muted by default; optional themed channel audio,Select as an unlocked TV channel,Snack Attack,Reward-track item. Reuse game visual motifs without copying external branded assets.
win-in-arcade-snack-attack-gunner-s-snack-king-trophy,Gunner’s Snack King Trophy,Collectibles,Collectibles,Snack Attack,Family Legendary,Win in Arcade,Gunner's Snack Attack,Top mastery milestone / long-term achievement,Top mastery milestone / long-term achievement,,500,0.25,No,Yes,Yes,No,1,1,Small,Table/Shelf/Wall,Bedroom; Common Space,90° steps,Gunner; Snacks; Farm; Arcade Reward,Subtle rarity sparkle,None,Inspect to show unlock story / achievement date,Snack Attack,Reward-track item. Reuse game visual motifs without copying external branded assets.
win-in-arcade-cabin-breakout-brick-break-pennant,Brick Break Pennant,Wall Decor,Wall Decor,Cabin Breakout,Uncommon,Win in Arcade,Cabin Breakout,First clear / first meaningful completion,First clear / first meaningful completion,,60,0.25,Yes,Yes,No,No,1,0,Flat,Wall,Bedroom; Common Space,90° steps,Arcade; Cabin; Bricks; Arcade Reward,None,None,Inspect / memory card,Cabin Breakout,Reward-track item. Reuse game visual motifs without copying external branded assets.
win-in-arcade-cabin-breakout-power-up-side-table,Power-Up Side Table,Tables,Tables,Cabin Breakout,Rare,Win in Arcade,Cabin Breakout,5 wins / 5 clears,5 wins / 5 clears,,100,0.25,Yes,Yes,No,No,2,1,Medium,Floor,Bedroom; Common Space,90° steps,Arcade; Cabin; Bricks; Arcade Reward,None,None,Surface for small decor,Cabin Breakout,Reward-track item. Reuse game visual motifs without copying external branded assets.
win-in-arcade-cabin-breakout-multi-ball-lamp,Multi-Ball Lamp,Lighting,Lighting,Cabin Breakout,Rare,Win in Arcade,Cabin Breakout,10 wins / 10 clears,10 wins / 10 clears,,120,0.25,Yes,Yes,No,No,1,1,Medium,Floor/Wall/Ceiling,Bedroom; Common Space,90° steps,Arcade; Cabin; Bricks; Arcade Reward,None,None,Toggle / lighting preset,Cabin Breakout,Reward-track item. Reuse game visual motifs without copying external branded assets.
win-in-arcade-cabin-breakout-breakout-grid-rug,Breakout Grid Rug,Rugs,Rugs,Cabin Breakout,Epic,Win in Arcade,Cabin Breakout,Perfect score or designated high-skill objective,Perfect score or designated high-skill objective,,220,0.25,Yes,Yes,No,No,2,2,Flat,Floor,Bedroom; Common Space,90° steps,Arcade; Cabin; Bricks; Arcade Reward,Subtle rarity sparkle,None,Decorative,Cabin Breakout,Reward-track item. Reuse game visual motifs without copying external branded assets.
win-in-arcade-cabin-breakout-power-up-display-shelf,Power-Up Display Shelf,Storage,Storage,Cabin Breakout,Epic,Win in Arcade,Cabin Breakout,Hard-mode / difficult-level milestone,Hard-mode / difficult-level milestone,,240,0.25,Yes,Yes,No,No,2,1,Tall,Floor/Wall,Bedroom; Common Space,90° steps,Arcade; Cabin; Bricks; Arcade Reward,Subtle rarity sparkle,None,Open/inspect later,Cabin Breakout,Reward-track item. Reuse game visual motifs without copying external branded assets.
win-in-arcade-cabin-breakout-paddle-cushion,Paddle Cushion,Decorations,Decorations,Cabin Breakout,Uncommon,Win in Arcade,Cabin Breakout,Complete the game-specific daily challenge,Complete the game-specific daily challenge,,70,0.25,Yes,Yes,No,No,1,1,Small,Floor/Table/Wall,Bedroom; Common Space,90° steps,Arcade; Cabin; Bricks; Arcade Reward,None,None,Decorative,Cabin Breakout,Reward-track item. Reuse game visual motifs without copying external branded assets.
win-in-arcade-cabin-breakout-animated-multi-ball-sculpture,Animated Multi-Ball Sculpture,Collectibles,Collectibles,Cabin Breakout,Epic,Win in Arcade,Cabin Breakout,Mastery milestone / advanced level,Mastery milestone / advanced level,,260,0.25,Yes,Yes,No,No,1,1,Small,Table/Shelf/Wall,Bedroom; Common Space,90° steps,Arcade; Cabin; Bricks; Arcade Reward,Animated loop,None,Inspect achievement / history,Cabin Breakout,Reward-track item. Reuse game visual motifs without copying external branded assets.
win-in-arcade-cabin-breakout-cabin-breakout-tv-channel,Cabin Breakout TV Channel,Electronics,Electronics,Cabin Breakout,Rare,Win in Arcade,Cabin Breakout,Unlock the game-specific media channel,Unlock the game-specific media channel,,140,0.25,Yes,Yes,No,No,2,1,Medium,Floor/Wall,Bedroom; Common Space,90° steps,Arcade; Cabin; Bricks; Arcade Reward,Looping themed game footage/screensaver,Muted by default; optional themed channel audio,Select as an unlocked TV channel,Cabin Breakout,Reward-track item. Reuse game visual motifs without copying external branded assets.
win-in-arcade-cabin-breakout-cabin-breakout-champion-trophy,Cabin Breakout Champion Trophy,Collectibles,Collectibles,Cabin Breakout,Family Legendary,Win in Arcade,Cabin Breakout,Top mastery milestone / long-term achievement,Top mastery milestone / long-term achievement,,500,0.25,No,Yes,Yes,No,1,1,Small,Table/Shelf/Wall,Bedroom; Common Space,90° steps,Arcade; Cabin; Bricks; Arcade Reward,Subtle rarity sparkle,None,Inspect to show unlock story / achievement date,Cabin Breakout,Reward-track item. Reuse game visual motifs without copying external branded assets.
win-in-arcade-rock-rescue-prize-rock-pennant,Prize Rock Pennant,Wall Decor,Wall Decor,Rock Rescue,Uncommon,Win in Arcade,Kelsi's Rock 'n' Roll Rescue,First clear / first meaningful completion,First clear / first meaningful completion,,60,0.25,Yes,Yes,No,No,1,0,Flat,Wall,Bedroom; Common Space,90° steps,Kelsi; Rocks; Hillside; Arcade Reward,None,None,Inspect / memory card,Rock Rescue,Reward-track item. Reuse game visual motifs without copying external branded assets.
win-in-arcade-rock-rescue-stone-side-table,Stone Side Table,Tables,Tables,Rock Rescue,Rare,Win in Arcade,Kelsi's Rock 'n' Roll Rescue,5 wins / 5 clears,5 wins / 5 clears,,100,0.25,Yes,Yes,No,No,2,1,Medium,Floor,Bedroom; Common Space,90° steps,Kelsi; Rocks; Hillside; Arcade Reward,None,None,Surface for small decor,Rock Rescue,Reward-track item. Reuse game visual motifs without copying external branded assets.
win-in-arcade-rock-rescue-shiny-rock-lamp,Shiny Rock Lamp,Lighting,Lighting,Rock Rescue,Rare,Win in Arcade,Kelsi's Rock 'n' Roll Rescue,10 wins / 10 clears,10 wins / 10 clears,,120,0.25,Yes,Yes,No,No,1,1,Medium,Floor/Wall/Ceiling,Bedroom; Common Space,90° steps,Kelsi; Rocks; Hillside; Arcade Reward,None,None,Toggle / lighting preset,Rock Rescue,Reward-track item. Reuse game visual motifs without copying external branded assets.
win-in-arcade-rock-rescue-rolling-hill-rug,Rolling Hill Rug,Rugs,Rugs,Rock Rescue,Epic,Win in Arcade,Kelsi's Rock 'n' Roll Rescue,Perfect score or designated high-skill objective,Perfect score or designated high-skill objective,,220,0.25,Yes,Yes,No,No,2,2,Flat,Floor,Bedroom; Common Space,90° steps,Kelsi; Rocks; Hillside; Arcade Reward,Subtle rarity sparkle,None,Decorative,Rock Rescue,Reward-track item. Reuse game visual motifs without copying external branded assets.
win-in-arcade-rock-rescue-rock-collection-shelf,Rock Collection Shelf,Storage,Storage,Rock Rescue,Epic,Win in Arcade,Kelsi's Rock 'n' Roll Rescue,Hard-mode / difficult-level milestone,Hard-mode / difficult-level milestone,,240,0.25,Yes,Yes,No,No,2,1,Tall,Floor/Wall,Bedroom; Common Space,90° steps,Kelsi; Rocks; Hillside; Arcade Reward,Subtle rarity sparkle,None,Open/inspect later,Rock Rescue,Reward-track item. Reuse game visual motifs without copying external branded assets.
win-in-arcade-rock-rescue-kelsi-princess-dog-bed,Kelsi Princess Dog Bed,Pet Items,Pet Beds & Dog Items,Rock Rescue,Uncommon,Win in Arcade,Kelsi's Rock 'n' Roll Rescue,Complete the game-specific daily challenge,Complete the game-specific daily challenge,,70,0.25,Yes,Yes,No,No,1,1,Low,Floor,Bedroom; Common Space; Guest House,90° steps,Kelsi; Rocks; Hillside; Arcade Reward,None,None,Dog wander target / rest animation later,Rock Rescue,Reward-track item. Reuse game visual motifs without copying external branded assets.
win-in-arcade-rock-rescue-animated-sparkle-rock-display,Animated Sparkle Rock Display,Collectibles,Collectibles,Rock Rescue,Epic,Win in Arcade,Kelsi's Rock 'n' Roll Rescue,Mastery milestone / advanced level,Mastery milestone / advanced level,,260,0.25,Yes,Yes,No,No,1,1,Small,Table/Shelf/Wall,Bedroom; Common Space,90° steps,Kelsi; Rocks; Hillside; Arcade Reward,Animated loop,None,Inspect achievement / history,Rock Rescue,Reward-track item. Reuse game visual motifs without copying external branded assets.
win-in-arcade-rock-rescue-rock-rescue-tv-channel,Rock Rescue TV Channel,Electronics,Electronics,Rock Rescue,Rare,Win in Arcade,Kelsi's Rock 'n' Roll Rescue,Unlock the game-specific media channel,Unlock the game-specific media channel,,140,0.25,Yes,Yes,No,No,2,1,Medium,Floor/Wall,Bedroom; Common Space,90° steps,Kelsi; Rocks; Hillside; Arcade Reward,Looping themed game footage/screensaver,Muted by default; optional themed channel audio,Select as an unlocked TV channel,Rock Rescue,Reward-track item. Reuse game visual motifs without copying external branded assets.
win-in-arcade-rock-rescue-kelsi-s-rock-royalty-trophy,Kelsi’s Rock Royalty Trophy,Collectibles,Collectibles,Rock Rescue,Family Legendary,Win in Arcade,Kelsi's Rock 'n' Roll Rescue,Top mastery milestone / long-term achievement,Top mastery milestone / long-term achievement,,500,0.25,No,Yes,Yes,No,1,1,Small,Table/Shelf/Wall,Bedroom; Common Space,90° steps,Kelsi; Rocks; Hillside; Arcade Reward,Subtle rarity sparkle,None,Inspect to show unlock story / achievement date,Rock Rescue,Reward-track item. Reuse game visual motifs without copying external branded assets.
win-in-arcade-campfire-rocket-rocket-gap-pennant,Rocket Gap Pennant,Wall Decor,Wall Decor,Campfire Rocket,Uncommon,Win in Arcade,Campfire Rocket,First clear / first meaningful completion,First clear / first meaningful completion,,60,0.25,Yes,Yes,No,No,1,0,Flat,Wall,Bedroom; Common Space,90° steps,Rocket; Campfire; Timber; Arcade Reward,None,None,Inspect / memory card,Campfire Rocket,Reward-track item. Reuse game visual motifs without copying external branded assets.
win-in-arcade-campfire-rocket-fuel-crate-side-table,Fuel Crate Side Table,Tables,Tables,Campfire Rocket,Rare,Win in Arcade,Campfire Rocket,5 wins / 5 clears,5 wins / 5 clears,,100,0.25,Yes,Yes,No,No,2,1,Medium,Floor,Bedroom; Common Space,90° steps,Rocket; Campfire; Timber; Arcade Reward,None,None,Surface for small decor,Campfire Rocket,Reward-track item. Reuse game visual motifs without copying external branded assets.
win-in-arcade-campfire-rocket-rocket-flame-lamp,Rocket Flame Lamp,Lighting,Lighting,Campfire Rocket,Rare,Win in Arcade,Campfire Rocket,10 wins / 10 clears,10 wins / 10 clears,,120,0.25,Yes,Yes,No,No,1,1,Medium,Floor/Wall/Ceiling,Bedroom; Common Space,90° steps,Rocket; Campfire; Timber; Arcade Reward,None,None,Toggle / lighting preset,Campfire Rocket,Reward-track item. Reuse game visual motifs without copying external branded assets.
win-in-arcade-campfire-rocket-timber-gap-rug,Timber Gap Rug,Rugs,Rugs,Campfire Rocket,Epic,Win in Arcade,Campfire Rocket,Perfect score or designated high-skill objective,Perfect score or designated high-skill objective,,220,0.25,Yes,Yes,No,No,2,2,Flat,Floor,Bedroom; Common Space,90° steps,Rocket; Campfire; Timber; Arcade Reward,Subtle rarity sparkle,None,Decorative,Campfire Rocket,Reward-track item. Reuse game visual motifs without copying external branded assets.
win-in-arcade-campfire-rocket-mission-patch-shelf,Mission Patch Shelf,Storage,Storage,Campfire Rocket,Epic,Win in Arcade,Campfire Rocket,Hard-mode / difficult-level milestone,Hard-mode / difficult-level milestone,,240,0.25,Yes,Yes,No,No,2,1,Tall,Floor/Wall,Bedroom; Common Space,90° steps,Rocket; Campfire; Timber; Arcade Reward,Subtle rarity sparkle,None,Open/inspect later,Campfire Rocket,Reward-track item. Reuse game visual motifs without copying external branded assets.
win-in-arcade-campfire-rocket-campfire-cushion,Campfire Cushion,Decorations,Decorations,Campfire Rocket,Uncommon,Win in Arcade,Campfire Rocket,Complete the game-specific daily challenge,Complete the game-specific daily challenge,,70,0.25,Yes,Yes,No,No,1,1,Small,Floor/Table/Wall,Bedroom; Common Space,90° steps,Rocket; Campfire; Timber; Arcade Reward,None,None,Decorative,Campfire Rocket,Reward-track item. Reuse game visual motifs without copying external branded assets.
win-in-arcade-campfire-rocket-animated-cabin-rocket-model,Animated Cabin Rocket Model,Collectibles,Collectibles,Campfire Rocket,Epic,Win in Arcade,Campfire Rocket,Mastery milestone / advanced level,Mastery milestone / advanced level,,260,0.25,Yes,Yes,No,No,1,1,Small,Table/Shelf/Wall,Bedroom; Common Space,90° steps,Rocket; Campfire; Timber; Arcade Reward,Animated loop,None,Inspect achievement / history,Campfire Rocket,Reward-track item. Reuse game visual motifs without copying external branded assets.
win-in-arcade-campfire-rocket-campfire-rocket-tv-channel,Campfire Rocket TV Channel,Electronics,Electronics,Campfire Rocket,Rare,Win in Arcade,Campfire Rocket,Unlock the game-specific media channel,Unlock the game-specific media channel,,140,0.25,Yes,Yes,No,No,2,1,Medium,Floor/Wall,Bedroom; Common Space,90° steps,Rocket; Campfire; Timber; Arcade Reward,Looping themed game footage/screensaver,Muted by default; optional themed channel audio,Select as an unlocked TV channel,Campfire Rocket,Reward-track item. Reuse game visual motifs without copying external branded assets.
win-in-arcade-campfire-rocket-campfire-rocket-ace-trophy,Campfire Rocket Ace Trophy,Collectibles,Collectibles,Campfire Rocket,Family Legendary,Win in Arcade,Campfire Rocket,Top mastery milestone / long-term achievement,Top mastery milestone / long-term achievement,,500,0.25,No,Yes,Yes,No,1,1,Small,Table/Shelf/Wall,Bedroom; Common Space,90° steps,Rocket; Campfire; Timber; Arcade Reward,Subtle rarity sparkle,None,Inspect to show unlock story / achievement date,Campfire Rocket,Reward-track item. Reuse game visual motifs without copying external branded assets.
win-in-arcade-neon-snake-neon-snake-pennant,Neon Snake Pennant,Wall Decor,Wall Decor,Neon Snake,Uncommon,Win in Arcade,Neon Snake,First clear / first meaningful completion,First clear / first meaningful completion,,60,0.25,Yes,Yes,No,No,1,0,Flat,Wall,Bedroom; Common Space,90° steps,Arcade; Neon; Snake; Arcade Reward,None,None,Inspect / memory card,Neon Snake,Reward-track item. Reuse game visual motifs without copying external branded assets.
win-in-arcade-neon-snake-pixel-side-table,Pixel Side Table,Tables,Tables,Neon Snake,Rare,Win in Arcade,Neon Snake,5 wins / 5 clears,5 wins / 5 clears,,100,0.25,Yes,Yes,No,No,2,1,Medium,Floor,Bedroom; Common Space,90° steps,Arcade; Neon; Snake; Arcade Reward,None,None,Surface for small decor,Neon Snake,Reward-track item. Reuse game visual motifs without copying external branded assets.
win-in-arcade-neon-snake-neon-coil-lamp,Neon Coil Lamp,Lighting,Lighting,Neon Snake,Rare,Win in Arcade,Neon Snake,10 wins / 10 clears,10 wins / 10 clears,,120,0.25,Yes,Yes,No,No,1,1,Medium,Floor/Wall/Ceiling,Bedroom; Common Space,90° steps,Arcade; Neon; Snake; Arcade Reward,None,None,Toggle / lighting preset,Neon Snake,Reward-track item. Reuse game visual motifs without copying external branded assets.
win-in-arcade-neon-snake-grid-snake-rug,Grid Snake Rug,Rugs,Rugs,Neon Snake,Epic,Win in Arcade,Neon Snake,Perfect score or designated high-skill objective,Perfect score or designated high-skill objective,,220,0.25,Yes,Yes,No,No,2,2,Flat,Floor,Bedroom; Common Space,90° steps,Arcade; Neon; Snake; Arcade Reward,Subtle rarity sparkle,None,Decorative,Neon Snake,Reward-track item. Reuse game visual motifs without copying external branded assets.
win-in-arcade-neon-snake-fruit-score-shelf,Fruit Score Shelf,Storage,Storage,Neon Snake,Epic,Win in Arcade,Neon Snake,Hard-mode / difficult-level milestone,Hard-mode / difficult-level milestone,,240,0.25,Yes,Yes,No,No,2,1,Tall,Floor/Wall,Bedroom; Common Space,90° steps,Arcade; Neon; Snake; Arcade Reward,Subtle rarity sparkle,None,Open/inspect later,Neon Snake,Reward-track item. Reuse game visual motifs without copying external branded assets.
win-in-arcade-neon-snake-pixel-snake-cushion,Pixel Snake Cushion,Decorations,Decorations,Neon Snake,Uncommon,Win in Arcade,Neon Snake,Complete the game-specific daily challenge,Complete the game-specific daily challenge,,70,0.25,Yes,Yes,No,No,1,1,Small,Floor/Table/Wall,Bedroom; Common Space,90° steps,Arcade; Neon; Snake; Arcade Reward,None,None,Decorative,Neon Snake,Reward-track item. Reuse game visual motifs without copying external branded assets.
win-in-arcade-neon-snake-animated-neon-snake-tube,Animated Neon Snake Tube,Collectibles,Collectibles,Neon Snake,Epic,Win in Arcade,Neon Snake,Mastery milestone / advanced level,Mastery milestone / advanced level,,260,0.25,Yes,Yes,No,No,1,1,Small,Table/Shelf/Wall,Bedroom; Common Space,90° steps,Arcade; Neon; Snake; Arcade Reward,Animated loop,None,Inspect achievement / history,Neon Snake,Reward-track item. Reuse game visual motifs without copying external branded assets.
win-in-arcade-neon-snake-neon-snake-tv-channel,Neon Snake TV Channel,Electronics,Electronics,Neon Snake,Rare,Win in Arcade,Neon Snake,Unlock the game-specific media channel,Unlock the game-specific media channel,,140,0.25,Yes,Yes,No,No,2,1,Medium,Floor/Wall,Bedroom; Common Space,90° steps,Arcade; Neon; Snake; Arcade Reward,Looping themed game footage/screensaver,Muted by default; optional themed channel audio,Select as an unlocked TV channel,Neon Snake,Reward-track item. Reuse game visual motifs without copying external branded assets.
win-in-arcade-neon-snake-neon-snake-high-score-trophy,Neon Snake High-Score Trophy,Collectibles,Collectibles,Neon Snake,Family Legendary,Win in Arcade,Neon Snake,Top mastery milestone / long-term achievement,Top mastery milestone / long-term achievement,,500,0.25,No,Yes,Yes,No,1,1,Small,Table/Shelf/Wall,Bedroom; Common Space,90° steps,Arcade; Neon; Snake; Arcade Reward,Subtle rarity sparkle,None,Inspect to show unlock story / achievement date,Neon Snake,Reward-track item. Reuse game visual motifs without copying external branded assets.
achievement-reward-arcade-legacy-arcade-sampler-poster,Arcade Sampler Poster,Wall Decor,Wall Decor,Arcade Legacy,Uncommon,Achievement Reward,Cross-Arcade,Play 8 different arcade games,Play 8 different arcade games,,80,0.25,Yes,Yes,No,No,1,0,Flat,Wall,Bedroom; Common Space,90° steps,Arcade; Achievement; Family History,Subtle rarity sparkle,None,Inspect to show unlock story / achievement date,Arcade Legacy,Game-ready authored mesh; shared materials where practical; LODs for large/animated pieces.
achievement-reward-arcade-legacy-arcade-marathon-sofa,Arcade Marathon Sofa,Seating,Seating,Arcade Legacy,Rare,Achievement Reward,Cross-Arcade,Complete 25 arcade sessions,Complete 25 arcade sessions,,140,0.25,Yes,Yes,No,No,2,1,Medium,Floor,Bedroom; Common Space,90° steps,Arcade; Achievement; Family History,Subtle rarity sparkle,None,Inspect to show unlock story / achievement date,Arcade Legacy,Game-ready authored mesh; shared materials where practical; LODs for large/animated pieces.
achievement-reward-arcade-legacy-family-high-score-marquee,Family High-Score Marquee,Wall Decor,Wall Decor,Arcade Legacy,Epic,Achievement Reward,Cross-Arcade,Set a personal record in 10 arcade games,Set a personal record in 10 arcade games,,240,0.25,Yes,Yes,No,No,1,0,Flat,Wall,Bedroom; Common Space,90° steps,Arcade; Achievement; Family History,Subtle marquee animation,None,Inspect to show unlock story / achievement date,Arcade Legacy,Game-ready authored mesh; shared materials where practical; LODs for large/animated pieces.
achievement-reward-arcade-legacy-daily-streak-clock,Daily Streak Clock,Wall Decor,Wall Decor,Arcade Legacy,Epic,Achievement Reward,Cross-Arcade,Complete the 3-different-games daily challenge 7 times,Complete the 3-different-games daily challenge 7 times,,220,0.25,Yes,Yes,No,No,1,0,Flat,Wall,Bedroom; Common Space,90° steps,Arcade; Achievement; Family History,Subtle rarity sparkle,None,Inspect to show unlock story / achievement date,Arcade Legacy,Game-ready authored mesh; shared materials where practical; LODs for large/animated pieces.
achievement-reward-arcade-legacy-all-arcade-mini-cabinet,All-Arcade Mini Cabinet,Games,Games,Arcade Legacy,Epic,Achievement Reward,Cross-Arcade,Play all 16 active arcade games,Play all 16 active arcade games,,280,0.25,Yes,Yes,No,No,2,1,Medium,Floor/Table,Bedroom; Common Space,90° steps,Arcade; Achievement; Family History,Subtle marquee animation,None,Inspect to show unlock story / achievement date,Arcade Legacy,Game-ready authored mesh; shared materials where practical; LODs for large/animated pieces.
achievement-reward-arcade-legacy-arcade-master-trophy,Arcade Master Trophy,Collectibles,Collectibles,Arcade Legacy,Family Legendary,Achievement Reward,Cross-Arcade,Earn the top mastery trophy in 8 arcade games,Earn the top mastery trophy in 8 arcade games,,600,0.25,No,Yes,Yes,No,1,1,Small,Table/Shelf/Wall,Bedroom; Common Space,90° steps,Arcade; Achievement; Family History,Subtle rarity sparkle,None,Inspect to show unlock story / achievement date,Arcade Legacy,Game-ready authored mesh; shared materials where practical; LODs for large/animated pieces.
birthday-seasonal-reward-christmas-cabin-cabin-christmas-tree,Cabin Christmas Tree,Decorations,Decorations,Christmas Cabin,Rare,Birthday / Seasonal Reward,Seasonal Events,Christmas event participation,Christmas event participation,,150,0.25,No,Yes,Yes,No,1,1,Small,Floor/Table/Wall,Bedroom; Common Space,90° steps,Christmas Cabin; Permanent Family History,Warm twinkle lights,Soft holiday-room ambience,Inspect event/year memory card,Christmas Cabin,Permanent dated/event heirloom once earned. Preserve year/event metadata in save data.
birthday-seasonal-reward-christmas-cabin-stocking-fireplace-garl,Stocking Fireplace Garland,Wall Decor,Wall Decor,Christmas Cabin,Uncommon,Birthday / Seasonal Reward,Seasonal Events,Christmas event participation,Christmas event participation,,70,0.25,No,Yes,Yes,No,1,0,Flat,Wall,Bedroom; Common Space,90° steps,Christmas Cabin; Permanent Family History,Warm twinkle lights,None,Inspect event/year memory card,Christmas Cabin,Permanent dated/event heirloom once earned. Preserve year/event metadata in save data.
birthday-seasonal-reward-christmas-cabin-snowy-window-effect,Snowy Window Effect,Special Effects,Special Effects,Christmas Cabin,Epic,Birthday / Seasonal Reward,Seasonal Events,Complete Christmas family challenge,Complete Christmas family challenge,,220,0.25,No,Yes,Yes,No,0,0,Ambient,Room,Bedroom; Common Space,90° steps,Christmas Cabin; Permanent Family History,Animated snow beyond windows,Soft winter wind,Inspect event/year memory card,Christmas Cabin,Permanent dated/event heirloom once earned. Preserve year/event metadata in save data.
birthday-seasonal-reward-christmas-cabin-plaid-christmas-bedding,Plaid Christmas Bedding,Beds,Beds,Christmas Cabin,Rare,Birthday / Seasonal Reward,Seasonal Events,Win 3 games during Christmas event,Win 3 games during Christmas event,,120,0.25,No,Yes,Yes,No,2,3,Tall,Floor,Bedroom; Common Space,90° steps,Christmas Cabin; Permanent Family History,None,None,Inspect event/year memory card,Christmas Cabin,Permanent dated/event heirloom once earned. Preserve year/event metadata in save data.
birthday-seasonal-reward-christmas-cabin-family-ornament-display,Family Ornament Display,Collectibles,Collectibles,Christmas Cabin,Epic,Birthday / Seasonal Reward,Seasonal Events,Collect 5 Christmas ornaments,Collect 5 Christmas ornaments,,250,0.25,No,Yes,Yes,No,1,1,Small,Table/Shelf/Wall,Bedroom; Common Space,90° steps,Christmas Cabin; Permanent Family History,Gentle ornament sparkle,None,Inspect event/year memory card,Christmas Cabin,Permanent dated/event heirloom once earned. Preserve year/event metadata in save data.
birthday-seasonal-reward-christmas-cabin-north-pole-train-set,North Pole Train Set,Toys & Hobbies,Toys & Hobbies,Christmas Cabin,Epic,Birthday / Seasonal Reward,Seasonal Events,Christmas daily challenge streak,Christmas daily challenge streak,,260,0.25,No,Yes,Yes,No,1,1,Small,Floor/Table,Bedroom; Common Space,90° steps,Christmas Cabin; Permanent Family History,Animated train loop,Tiny train loop,Inspect event/year memory card,Christmas Cabin,Permanent dated/event heirloom once earned. Preserve year/event metadata in save data.
birthday-seasonal-reward-christmas-cabin-christmas-cabin-wallpap,Christmas Cabin Wallpaper,Wallpaper,Wallpaper,Christmas Cabin,Uncommon,Birthday / Seasonal Reward,Seasonal Events,Christmas event participation,Christmas event participation,,60,0.25,No,Yes,Yes,No,0,0,Surface,Wall Surface,Bedroom; Bathroom; Kitchen; Common Space,90° steps,Christmas Cabin; Permanent Family History,None,None,Inspect event/year memory card,Christmas Cabin,Permanent dated/event heirloom once earned. Preserve year/event metadata in save data.
birthday-seasonal-reward-halloween-cabin-pumpkin-lantern-trio,Pumpkin Lantern Trio,Lighting,Lighting,Halloween Cabin,Uncommon,Birthday / Seasonal Reward,Seasonal Events,Halloween event participation,Halloween event participation,,70,0.25,No,Yes,Yes,No,1,1,Medium,Floor/Wall/Ceiling,Bedroom; Common Space,90° steps,Halloween Cabin; Permanent Family History,Candle flicker,None,Inspect event/year memory card,Halloween Cabin,Permanent dated/event heirloom once earned. Preserve year/event metadata in save data.
birthday-seasonal-reward-halloween-cabin-friendly-ghost-wall-pro,Friendly Ghost Wall Projection,Special Effects,Special Effects,Halloween Cabin,Epic,Birthday / Seasonal Reward,Seasonal Events,Complete Halloween challenge,Complete Halloween challenge,,240,0.25,No,Yes,Yes,No,0,0,Ambient,Room,Bedroom; Common Space,90° steps,Halloween Cabin; Permanent Family History,Animated friendly ghost silhouettes,Soft spooky ambience,Inspect event/year memory card,Halloween Cabin,Permanent dated/event heirloom once earned. Preserve year/event metadata in save data.
birthday-seasonal-reward-halloween-cabin-black-cat-crescent-rug,Black Cat Crescent Rug,Rugs,Rugs,Halloween Cabin,Rare,Birthday / Seasonal Reward,Seasonal Events,Win 3 games during Halloween event,Win 3 games during Halloween event,,120,0.25,No,Yes,Yes,No,2,2,Flat,Floor,Bedroom; Common Space,90° steps,Halloween Cabin; Permanent Family History,None,None,Inspect event/year memory card,Halloween Cabin,Permanent dated/event heirloom once earned. Preserve year/event metadata in save data.
birthday-seasonal-reward-halloween-cabin-candy-bowl-side-table,Candy Bowl Side Table,Tables,Tables,Halloween Cabin,Rare,Birthday / Seasonal Reward,Seasonal Events,Collect Halloween candy tokens,Collect Halloween candy tokens,,100,0.25,No,Yes,Yes,No,2,1,Medium,Floor,Bedroom; Common Space,90° steps,Halloween Cabin; Permanent Family History,Candy glimmer,None,Inspect event/year memory card,Halloween Cabin,Permanent dated/event heirloom once earned. Preserve year/event metadata in save data.
birthday-seasonal-reward-halloween-cabin-haunted-cabin-wallpaper,Haunted Cabin Wallpaper,Wallpaper,Wallpaper,Halloween Cabin,Rare,Birthday / Seasonal Reward,Seasonal Events,Halloween event participation,Halloween event participation,,110,0.25,No,Yes,Yes,No,0,0,Surface,Wall Surface,Bedroom; Bathroom; Kitchen; Common Space,90° steps,Halloween Cabin; Permanent Family History,Subtle shifting shadows,None,Inspect event/year memory card,Halloween Cabin,Permanent dated/event heirloom once earned. Preserve year/event metadata in save data.
birthday-seasonal-reward-spring-cabin-spring-tulip-window-box,Spring Tulip Window Box,Plants,Plants,Spring Cabin,Uncommon,Birthday / Seasonal Reward,Seasonal Events,Spring event participation,Spring event participation,,60,0.25,No,Yes,Yes,No,1,1,Medium,Floor/Table,Bedroom; Common Space,90° steps,Spring Cabin; Permanent Family History,Gentle leaf sway,Bird ambience optional,Inspect event/year memory card,Spring Cabin,Permanent dated/event heirloom once earned. Preserve year/event metadata in save data.
birthday-seasonal-reward-spring-cabin-painted-egg-display-bowl,Painted Egg Display Bowl,Decorations,Decorations,Spring Cabin,Uncommon,Birthday / Seasonal Reward,Seasonal Events,Spring scavenger challenge,Spring scavenger challenge,,50,0.25,No,Yes,Yes,No,1,1,Small,Floor/Table/Wall,Bedroom; Common Space,90° steps,Spring Cabin; Permanent Family History,Subtle sparkle,None,Inspect event/year memory card,Spring Cabin,Permanent dated/event heirloom once earned. Preserve year/event metadata in save data.
birthday-seasonal-reward-spring-cabin-rainy-spring-window-ambien,Rainy Spring Window Ambience,Special Effects,Special Effects,Spring Cabin,Epic,Birthday / Seasonal Reward,Seasonal Events,Complete spring challenge,Complete spring challenge,,220,0.25,No,Yes,Yes,No,0,0,Ambient,Room,Bedroom; Common Space,90° steps,Spring Cabin; Permanent Family History,Animated rain on windows,Rain ambience,Inspect event/year memory card,Spring Cabin,Permanent dated/event heirloom once earned. Preserve year/event metadata in save data.
birthday-seasonal-reward-spring-cabin-fresh-meadow-wallpaper,Fresh Meadow Wallpaper,Wallpaper,Wallpaper,Spring Cabin,Rare,Birthday / Seasonal Reward,Seasonal Events,Spring event participation,Spring event participation,,100,0.25,No,Yes,Yes,No,0,0,Surface,Wall Surface,Bedroom; Bathroom; Kitchen; Common Space,90° steps,Spring Cabin; Permanent Family History,None,None,Inspect event/year memory card,Spring Cabin,Permanent dated/event heirloom once earned. Preserve year/event metadata in save data.
birthday-seasonal-reward-summer-camp-campfire-patio-lantern,Campfire Patio Lantern,Lighting,Lighting,Summer Camp,Uncommon,Birthday / Seasonal Reward,Seasonal Events,Summer event participation,Summer event participation,,70,0.25,No,Yes,Yes,No,1,1,Medium,Floor/Wall/Ceiling,Bedroom; Common Space,90° steps,Summer Camp; Permanent Family History,Firefly glow,Crickets optional,Inspect event/year memory card,Summer Camp,Permanent dated/event heirloom once earned. Preserve year/event metadata in save data.
birthday-seasonal-reward-summer-camp-lake-day-hammock-chair,Lake Day Hammock Chair,Seating,Seating,Summer Camp,Rare,Birthday / Seasonal Reward,Seasonal Events,Win 5 summer games,Win 5 summer games,,130,0.25,No,Yes,Yes,No,2,1,Medium,Floor,Bedroom; Common Space,90° steps,Summer Camp; Permanent Family History,Gentle sway,None,Inspect event/year memory card,Summer Camp,Permanent dated/event heirloom once earned. Preserve year/event metadata in save data.
birthday-seasonal-reward-summer-camp-firefly-room-ambience,Firefly Room Ambience,Special Effects,Special Effects,Summer Camp,Epic,Birthday / Seasonal Reward,Seasonal Events,Complete summer night challenge,Complete summer night challenge,,230,0.25,No,Yes,Yes,No,0,0,Ambient,Room,Bedroom; Common Space,90° steps,Summer Camp; Permanent Family History,Animated fireflies,Night insects,Inspect event/year memory card,Summer Camp,Permanent dated/event heirloom once earned. Preserve year/event metadata in save data.
birthday-seasonal-reward-summer-camp-camp-patch-quilt,Camp Patch Quilt,Beds,Beds,Summer Camp,Rare,Birthday / Seasonal Reward,Seasonal Events,Collect 5 summer patches,Collect 5 summer patches,,140,0.25,No,Yes,Yes,No,2,3,Tall,Floor,Bedroom; Common Space,90° steps,Summer Camp; Permanent Family History,None,None,Inspect event/year memory card,Summer Camp,Permanent dated/event heirloom once earned. Preserve year/event metadata in save data.
birthday-seasonal-reward-new-year-lodge-new-year-sparkler-window,New Year Sparkler Window Effect,Special Effects,Special Effects,New Year Lodge,Epic,Birthday / Seasonal Reward,Seasonal Events,Play on New Year event night,Play on New Year event night,,220,0.25,No,Yes,Yes,No,0,0,Ambient,Room,Bedroom; Common Space,90° steps,New Year Lodge; Permanent Family History,Window fireworks and sparkles,Distant celebration,Inspect event/year memory card,New Year Lodge,Permanent dated/event heirloom once earned. Preserve year/event metadata in save data.
birthday-seasonal-reward-new-year-lodge-winter-cabin-fur-rug,Winter Cabin Fur Rug,Rugs,Rugs,New Year Lodge,Rare,Birthday / Seasonal Reward,Seasonal Events,Winter event participation,Winter event participation,,120,0.25,No,Yes,Yes,No,2,2,Flat,Floor,Bedroom; Common Space,90° steps,New Year Lodge; Permanent Family History,None,None,Inspect event/year memory card,New Year Lodge,Permanent dated/event heirloom once earned. Preserve year/event metadata in save data.
birthday-seasonal-reward-new-year-lodge-midnight-countdown-clock,Midnight Countdown Clock,Wall Decor,Wall Decor,New Year Lodge,Epic,Birthday / Seasonal Reward,Seasonal Events,Complete New Year countdown challenge,Complete New Year countdown challenge,,250,0.25,No,Yes,Yes,No,1,0,Flat,Wall,Bedroom; Common Space,90° steps,New Year Lodge; Permanent Family History,Animated countdown face,Soft clock chime,Inspect event/year memory card,New Year Lodge,Permanent dated/event heirloom once earned. Preserve year/event metadata in save data.
birthday-seasonal-reward-birthday-vault-birthday-balloon-ceiling,Birthday Balloon Ceiling Set,Decorations,Decorations,Birthday Vault,Rare,Birthday / Seasonal Reward,Seasonal Events,Participate in any birthday event,Participate in any birthday event,,120,0.25,No,Yes,Yes,No,1,1,Small,Floor/Table/Wall,Bedroom; Common Space,90° steps,Birthday Vault; Permanent Family History,Gentle balloon sway,None,Inspect event/year memory card,Birthday Vault,Permanent dated/event heirloom once earned. Preserve year/event metadata in save data.
birthday-seasonal-reward-birthday-vault-family-birthday-cake-dis,Family Birthday Cake Display,Collectibles,Collectibles,Birthday Vault,Epic,Birthday / Seasonal Reward,Seasonal Events,Complete any Birthday Challenge,Complete any Birthday Challenge,,240,0.25,No,Yes,Yes,No,1,1,Small,Table/Shelf/Wall,Bedroom; Common Space,90° steps,Birthday Vault; Permanent Family History,Candle flicker,Birthday sting on inspect,Inspect event/year memory card,Birthday Vault,Permanent dated/event heirloom once earned. Preserve year/event metadata in save data.
birthday-seasonal-reward-john-birthday-heirloom-john-birthday-wr,John Birthday Wrench Plaque,Collectibles,Collectibles,John Birthday Heirloom,Family Legendary,Birthday / Seasonal Reward,Seasonal Events,Complete John Birthday Challenge for that year,Complete John Birthday Challenge for that year,,500,0.25,No,Yes,Yes,No,1,1,Small,Table/Shelf/Wall,Bedroom; Common Space,90° steps,John Birthday Heirloom; Permanent Family History,Year stamp glow on inspect,Birthday event sting,Inspect event/year memory card,John Birthday Heirloom,Permanent dated/event heirloom once earned. Preserve year/event metadata in save data.
birthday-seasonal-reward-kristen-birthday-heirloom-kristen-birth,Kristen Birthday Lodge Keepsake,Collectibles,Collectibles,Kristen Birthday Heirloom,Family Legendary,Birthday / Seasonal Reward,Seasonal Events,Complete Kristen Birthday Challenge for that year,Complete Kristen Birthday Challenge for that year,,500,0.25,No,Yes,Yes,No,1,1,Small,Table/Shelf/Wall,Bedroom; Common Space,90° steps,Kristen Birthday Heirloom; Permanent Family History,Year stamp glow on inspect,Birthday event sting,Inspect event/year memory card,Kristen Birthday Heirloom,Permanent dated/event heirloom once earned. Preserve year/event metadata in save data.
birthday-seasonal-reward-holly-birthday-heirloom-holly-birthday-,Holly Birthday Memory Star,Collectibles,Collectibles,Holly Birthday Heirloom,Family Legendary,Birthday / Seasonal Reward,Seasonal Events,Complete Holly Birthday Challenge for that year,Complete Holly Birthday Challenge for that year,,500,0.25,No,Yes,Yes,No,1,1,Small,Table/Shelf/Wall,Bedroom; Common Space,90° steps,Holly Birthday Heirloom; Permanent Family History,Year stamp glow on inspect,Birthday event sting,Inspect event/year memory card,Holly Birthday Heirloom,Permanent dated/event heirloom once earned. Preserve year/event metadata in save data.
birthday-seasonal-reward-vanessa-birthday-heirloom-vanessa-birth,Vanessa Birthday Pink GMC Model,Collectibles,Collectibles,Vanessa Birthday Heirloom,Family Legendary,Birthday / Seasonal Reward,Seasonal Events,Complete Vanessa Birthday Challenge for that year,Complete Vanessa Birthday Challenge for that year,,500,0.25,No,Yes,Yes,No,1,1,Small,Table/Shelf/Wall,Bedroom; Common Space,90° steps,Vanessa Birthday Heirloom; Permanent Family History,Year stamp glow on inspect,Birthday event sting,Inspect event/year memory card,Vanessa Birthday Heirloom,Permanent dated/event heirloom once earned. Preserve year/event metadata in save data.
birthday-seasonal-reward-lizzie-birthday-heirloom-lizzie-birthda,Lizzie Birthday Ballet Spotlight,Collectibles,Collectibles,Lizzie Birthday Heirloom,Family Legendary,Birthday / Seasonal Reward,Seasonal Events,Complete Lizzie Birthday Challenge for that year,Complete Lizzie Birthday Challenge for that year,,500,0.25,No,Yes,Yes,No,1,1,Small,Table/Shelf/Wall,Bedroom; Common Space,90° steps,Lizzie Birthday Heirloom; Permanent Family History,Year stamp glow on inspect,Birthday event sting,Inspect event/year memory card,Lizzie Birthday Heirloom,Permanent dated/event heirloom once earned. Preserve year/event metadata in save data.
birthday-seasonal-reward-logan-birthday-heirloom-logan-birthday-,Logan Birthday Dirt Bike Trophy,Collectibles,Collectibles,Logan Birthday Heirloom,Family Legendary,Birthday / Seasonal Reward,Seasonal Events,Complete Logan Birthday Challenge for that year,Complete Logan Birthday Challenge for that year,,500,0.25,No,Yes,Yes,No,1,1,Small,Table/Shelf/Wall,Bedroom; Common Space,90° steps,Logan Birthday Heirloom; Permanent Family History,Year stamp glow on inspect,Birthday event sting,Inspect event/year memory card,Logan Birthday Heirloom,Permanent dated/event heirloom once earned. Preserve year/event metadata in save data.
birthday-seasonal-reward-james-birthday-heirloom-james-birthday-,James Birthday Timber Keepsake,Collectibles,Collectibles,James Birthday Heirloom,Family Legendary,Birthday / Seasonal Reward,Seasonal Events,Complete James Birthday Challenge for that year,Complete James Birthday Challenge for that year,,500,0.25,No,Yes,Yes,No,1,1,Small,Table/Shelf/Wall,Bedroom; Common Space,90° steps,James Birthday Heirloom; Permanent Family History,Year stamp glow on inspect,Birthday event sting,Inspect event/year memory card,James Birthday Heirloom,Permanent dated/event heirloom once earned. Preserve year/event metadata in save data.
birthday-seasonal-reward-dorothy-birthday-heirloom-dorothy-birth,Dorothy Birthday Garden Keepsake,Collectibles,Collectibles,Dorothy Birthday Heirloom,Family Legendary,Birthday / Seasonal Reward,Seasonal Events,Complete Dorothy Birthday Challenge for that year,Complete Dorothy Birthday Challenge for that year,,500,0.25,No,Yes,Yes,No,1,1,Small,Table/Shelf/Wall,Bedroom; Common Space,90° steps,Dorothy Birthday Heirloom; Permanent Family History,Year stamp glow on inspect,Birthday event sting,Inspect event/year memory card,Dorothy Birthday Heirloom,Permanent dated/event heirloom once earned. Preserve year/event metadata in save data.
birthday-seasonal-reward-papa-birthday-heirloom-papa-birthday-sh,Papa Birthday Shop Chair Miniature,Collectibles,Collectibles,Papa Birthday Heirloom,Family Legendary,Birthday / Seasonal Reward,Seasonal Events,Complete Papa Birthday Challenge for that year,Complete Papa Birthday Challenge for that year,,500,0.25,No,Yes,Yes,No,1,1,Small,Table/Shelf/Wall,Bedroom; Common Space,90° steps,Papa Birthday Heirloom; Permanent Family History,Year stamp glow on inspect,Birthday event sting,Inspect event/year memory card,Papa Birthday Heirloom,Permanent dated/event heirloom once earned. Preserve year/event metadata in save data.
birthday-seasonal-reward-nana-birthday-heirloom-nana-birthday-co,Nana Birthday Country Kitchen Sign,Collectibles,Collectibles,Nana Birthday Heirloom,Family Legendary,Birthday / Seasonal Reward,Seasonal Events,Complete Nana Birthday Challenge for that year,Complete Nana Birthday Challenge for that year,,500,0.25,No,Yes,Yes,No,1,1,Small,Table/Shelf/Wall,Bedroom; Common Space,90° steps,Nana Birthday Heirloom; Permanent Family History,Year stamp glow on inspect,Birthday event sting,Inspect event/year memory card,Nana Birthday Heirloom,Permanent dated/event heirloom once earned. Preserve year/event metadata in save data.
collection-completion-reward-rustic-cabin-master-set-great-room-,Great Room Stone Fireplace Wall,Architecture,Architecture,Rustic Cabin Master Set,Family Legendary,Collection Completion Reward,Collection Book,Complete Rustic Cabin collection,Complete Rustic Cabin collection,,650,0.25,No,Yes,Yes,No,0,0,Architectural,Room Expansion,Owned Room / Expansion,90° steps,Collection Completion; Trophy; Cabin Progression,Subtle completion aura,None,Inspect to show unlock story / achievement date,Rustic Cabin Master Set,Game-ready authored mesh; shared materials where practical; LODs for large/animated pieces.
collection-completion-reward-modern-lodge-master-set-modern-lodg,Modern Lodge Panoramic Window,Windows & Doors,Windows & Doors,Modern Lodge Master Set,Epic,Collection Completion Reward,Collection Book,Complete Modern Lodge collection,Complete Modern Lodge collection,,300,0.25,No,Yes,Yes,No,1,0,Architectural,Wall Opening,Bedroom; Common Space,90° steps,Collection Completion; Trophy; Cabin Progression,None,None,Inspect to show unlock story / achievement date,Modern Lodge Master Set,Game-ready authored mesh; shared materials where practical; LODs for large/animated pieces.
collection-completion-reward-farmhouse-master-set-farmhouse-brea,Farmhouse Breakfast Nook,Architecture,Architecture,Farmhouse Master Set,Epic,Collection Completion Reward,Collection Book,Complete Farmhouse collection,Complete Farmhouse collection,,320,0.25,No,Yes,Yes,No,0,0,Architectural,Room Expansion,Owned Room / Expansion,90° steps,Collection Completion; Trophy; Cabin Progression,None,None,Inspect to show unlock story / achievement date,Farmhouse Master Set,Game-ready authored mesh; shared materials where practical; LODs for large/animated pieces.
collection-completion-reward-glam-suite-master-set-glam-dressing,Glam Dressing Alcove,Architecture,Architecture,Glam Suite Master Set,Epic,Collection Completion Reward,Collection Book,Complete Glam Suite collection,Complete Glam Suite collection,,350,0.25,No,Yes,Yes,No,0,0,Architectural,Room Expansion,Owned Room / Expansion,90° steps,Collection Completion; Trophy; Cabin Progression,None,None,Inspect to show unlock story / achievement date,Glam Suite Master Set,Game-ready authored mesh; shared materials where practical; LODs for large/animated pieces.
collection-completion-reward-gamer-den-master-set-gamer-streamin,Gamer Streaming Wall,Electronics,Electronics,Gamer Den Master Set,Family Legendary,Collection Completion Reward,Collection Book,Complete Gamer Den collection,Complete Gamer Den collection,,500,0.25,No,Yes,Yes,No,2,1,Medium,Floor/Wall,Bedroom; Common Space,90° steps,Collection Completion; Trophy; Cabin Progression,Subtle completion aura,None,Inspect to show unlock story / achievement date,Gamer Den Master Set,Game-ready authored mesh; shared materials where practical; LODs for large/animated pieces.
collection-completion-reward-western-lodge-master-set-western-tr,Western Trophy Saddle Stand,Collectibles,Collectibles,Western Lodge Master Set,Epic,Collection Completion Reward,Collection Book,Complete Western Lodge collection,Complete Western Lodge collection,,280,0.25,No,Yes,Yes,No,1,1,Small,Table/Shelf/Wall,Bedroom; Common Space,90° steps,Collection Completion; Trophy; Cabin Progression,None,None,Inspect to show unlock story / achievement date,Western Lodge Master Set,Game-ready authored mesh; shared materials where practical; LODs for large/animated pieces.
collection-completion-reward-princess-and-dance-master-set-dance,Dance Studio Mirror Wall,Wall Decor,Wall Decor,Princess & Dance Master Set,Epic,Collection Completion Reward,Collection Book,Complete Princess & Dance collection,Complete Princess & Dance collection,,300,0.25,No,Yes,Yes,No,1,0,Flat,Wall,Bedroom; Common Space,90° steps,Collection Completion; Trophy; Cabin Progression,None,None,Inspect to show unlock story / achievement date,Princess & Dance Master Set,Game-ready authored mesh; shared materials where practical; LODs for large/animated pieces.
collection-completion-reward-industrial-shop-master-set-workshop,Workshop Rolling Tool Wall,Storage,Storage,Industrial Shop Master Set,Epic,Collection Completion Reward,Collection Book,Complete Industrial Shop collection,Complete Industrial Shop collection,,300,0.25,No,Yes,Yes,No,2,1,Tall,Floor/Wall,Bedroom; Common Space,90° steps,Collection Completion; Trophy; Cabin Progression,None,None,Inspect to show unlock story / achievement date,Industrial Shop Master Set,Game-ready authored mesh; shared materials where practical; LODs for large/animated pieces.
collection-completion-reward-retro-game-night-master-set-retro-j,Retro Jukebox,Electronics,Electronics,Retro Game Night Master Set,Family Legendary,Collection Completion Reward,Collection Book,Complete Retro Game Night collection,Complete Retro Game Night collection,,520,0.25,No,Yes,Yes,No,2,1,Medium,Floor/Wall,Bedroom; Common Space,90° steps,Collection Completion; Trophy; Cabin Progression,Subtle completion aura,None,Inspect to show unlock story / achievement date,Retro Game Night Master Set,Game-ready authored mesh; shared materials where practical; LODs for large/animated pieces.
collection-completion-reward-cozy-grandma-master-set-grandma-s-t,Grandma’s Tea Cart,Tables,Tables,Cozy Grandma Master Set,Epic,Collection Completion Reward,Collection Book,Complete Cozy Grandma collection,Complete Cozy Grandma collection,,260,0.25,No,Yes,Yes,No,2,1,Medium,Floor,Bedroom; Common Space,90° steps,Collection Completion; Trophy; Cabin Progression,None,None,Inspect to show unlock story / achievement date,Cozy Grandma Master Set,Game-ready authored mesh; shared materials where practical; LODs for large/animated pieces.
collection-completion-reward-outdoors-and-fishing-master-set-fis,Fishing Trophy Canoe,Collectibles,Collectibles,Outdoors & Fishing Master Set,Epic,Collection Completion Reward,Collection Book,Complete Outdoors & Fishing collection,Complete Outdoors & Fishing collection,,300,0.25,No,Yes,Yes,No,1,1,Small,Table/Shelf/Wall,Bedroom; Common Space,90° steps,Collection Completion; Trophy; Cabin Progression,None,None,Inspect to show unlock story / achievement date,Outdoors & Fishing Master Set,Game-ready authored mesh; shared materials where practical; LODs for large/animated pieces.
collection-completion-reward-construction-crew-master-set-bridge,Bridge Builder Display,Collectibles,Collectibles,Construction Crew Master Set,Epic,Collection Completion Reward,Collection Book,Complete Construction Crew collection,Complete Construction Crew collection,,320,0.25,No,Yes,Yes,No,1,1,Small,Table/Shelf/Wall,Bedroom; Common Space,90° steps,Collection Completion; Trophy; Cabin Progression,None,None,Inspect to show unlock story / achievement date,Construction Crew Master Set,Game-ready authored mesh; shared materials where practical; LODs for large/animated pieces.
collection-completion-reward-garden-cottage-master-set-garden-co,Garden Conservatory Window,Windows & Doors,Windows & Doors,Garden Cottage Master Set,Epic,Collection Completion Reward,Collection Book,Complete Garden Cottage collection,Complete Garden Cottage collection,,330,0.25,No,Yes,Yes,No,1,0,Architectural,Wall Opening,Bedroom; Common Space,90° steps,Collection Completion; Trophy; Cabin Progression,None,None,Inspect to show unlock story / achievement date,Garden Cottage Master Set,Game-ready authored mesh; shared materials where practical; LODs for large/animated pieces.
collection-completion-reward-everyday-basics-master-set-everyday,Everyday Room Expansion Coupon,Architecture,Architecture,Everyday Basics Master Set,Epic,Collection Completion Reward,Collection Book,Complete Everyday Basics collection,Complete Everyday Basics collection,,300,0.25,No,Yes,Yes,No,0,0,Architectural,Room Expansion,Owned Room / Expansion,90° steps,Collection Completion; Trophy; Cabin Progression,None,None,Inspect to show unlock story / achievement date,Everyday Basics Master Set,Game-ready authored mesh; shared materials where practical; LODs for large/animated pieces.
collection-completion-reward-arcade-legacy-master-set-arcade-tro,Arcade Trophy Wall Cabinet,Storage,Storage,Arcade Legacy Master Set,Family Legendary,Collection Completion Reward,Collection Book,Collect all 16 arcade top trophies,Collect all 16 arcade top trophies,,700,0.25,No,Yes,Yes,No,2,1,Tall,Floor/Wall,Bedroom; Common Space,90° steps,Collection Completion; Trophy; Cabin Progression,Subtle completion aura,None,Inspect to show unlock story / achievement date,Arcade Legacy Master Set,Game-ready authored mesh; shared materials where practical; LODs for large/animated pieces.
collection-completion-reward-christmas-cabin-master-set-christma,Christmas Memory Mantel,Collectibles,Collectibles,Christmas Cabin Master Set,Epic,Collection Completion Reward,Collection Book,Complete Christmas Cabin seasonal set,Complete Christmas Cabin seasonal set,,300,0.25,No,Yes,Yes,No,1,1,Small,Table/Shelf/Wall,Bedroom; Common Space,90° steps,Collection Completion; Trophy; Cabin Progression,None,None,Inspect to show unlock story / achievement date,Christmas Cabin Master Set,Game-ready authored mesh; shared materials where practical; LODs for large/animated pieces.
collection-completion-reward-birthday-vault-master-set-birthday-,Birthday Yearbook Shelf,Storage,Storage,Birthday Vault Master Set,Family Legendary,Collection Completion Reward,Collection Book,Collect 5 permanent birthday heirlooms,Collect 5 permanent birthday heirlooms,,600,0.25,No,Yes,Yes,No,2,1,Tall,Floor/Wall,Bedroom; Common Space,90° steps,Collection Completion; Trophy; Cabin Progression,Subtle completion aura,None,Inspect to show unlock story / achievement date,Birthday Vault Master Set,Game-ready authored mesh; shared materials where practical; LODs for large/animated pieces.
collection-completion-reward-family-memories-master-set-family-p,Family Photo Gallery Wall,Wall Decor,Wall Decor,Family Memories Master Set,Family Legendary,Collection Completion Reward,Collection Book,Collect 20 framed family memories,Collect 20 framed family memories,,500,0.25,No,Yes,Yes,No,1,0,Flat,Wall,Bedroom; Common Space,90° steps,Collection Completion; Trophy; Cabin Progression,Subtle completion aura,None,Inspect to show unlock story / achievement date,Family Memories Master Set,Game-ready authored mesh; shared materials where practical; LODs for large/animated pieces.
collection-completion-reward-ambience-collector-set-game-night-s,Game Night Soundstage,Special Effects,Special Effects,Ambience Collector Set,Epic,Collection Completion Reward,Collection Book,Collect 10 room ambience packs,Collect 10 room ambience packs,,350,0.25,No,Yes,Yes,No,0,0,Ambient,Room,Bedroom; Common Space,90° steps,Collection Completion; Trophy; Cabin Progression,None,None,Inspect to show unlock story / achievement date,Ambience Collector Set,Game-ready authored mesh; shared materials where practical; LODs for large/animated pieces.
collection-completion-reward-cabin-collection-mastery-master-dec,Master Decorator Plaque,Collectibles,Collectibles,Cabin Collection Mastery,Family Legendary,Collection Completion Reward,Collection Book,Complete 10 major furniture collections,Complete 10 major furniture collections,,750,0.25,No,Yes,Yes,No,1,1,Small,Table/Shelf/Wall,Bedroom; Common Space,90° steps,Collection Completion; Trophy; Cabin Progression,Subtle completion aura,None,Inspect to show unlock story / achievement date,Cabin Collection Mastery,Game-ready authored mesh; shared materials where practical; LODs for large/animated pieces.
secret-prestige-golden-bathroom-family-legendary-golden-toilet,Family Legendary Golden Toilet,Decorations,Decorations,Golden Bathroom,Family Legendary,Secret / Prestige,Hidden,???,Discover the hidden golden-bathroom achievement,,750,0.25,No,Yes,Yes,Yes,1,1,Small,Floor/Table/Wall,Bedroom; Common Space,90° steps,Secret; Prestige; Family Legendary,Soft golden sparkle,Secret-specific audio hook on inspect,Decorative,Golden Bathroom,Hidden in Collection Book until discovered. Do not expose internal unlock condition in player-facing UI.
secret-prestige-ridiculous-luxury-indoor-hot-tub,Indoor Hot Tub,Architecture,Architecture,Ridiculous Luxury,Family Legendary,Secret / Prestige,Hidden,???,Secret multi-game luxury achievement,,700,0.25,No,Yes,Yes,Yes,0,0,Architectural,Room Expansion,Owned Room / Expansion,90° steps,Secret; Prestige; Family Legendary,Animated water and steam,Secret-specific audio hook on inspect,Changes floor plan,Ridiculous Luxury,Hidden in Collection Book until discovered. Do not expose internal unlock condition in player-facing UI.
secret-prestige-ridiculous-luxury-giant-wall-aquarium,Giant Wall Aquarium,Electronics,Electronics,Ridiculous Luxury,Family Legendary,Secret / Prestige,Hidden,???,Secret collection achievement,,700,0.25,No,Yes,Yes,Yes,2,1,Medium,Floor/Wall,Bedroom; Common Space,90° steps,Secret; Prestige; Family Legendary,Animated fish and bubbles,Secret-specific audio hook on inspect,Turn on / launch content later,Ridiculous Luxury,Hidden in Collection Book until discovered. Do not expose internal unlock condition in player-facing UI.
secret-prestige-secret-cabin-hidden-bookcase-door,Hidden Bookcase Door,Windows & Doors,Windows & Doors,Secret Cabin,Family Legendary,Secret / Prestige,Hidden,???,Discover the secret-room path,,650,0.25,No,Yes,Yes,Yes,1,0,Architectural,Wall Opening,Bedroom; Common Space,90° steps,Secret; Prestige; Family Legendary,Bookcase opening animation later,Secret-specific audio hook on inspect,Architectural customization,Secret Cabin,Hidden in Collection Book until discovered. Do not expose internal unlock condition in player-facing UI.
secret-prestige-secret-cabin-meteor-shower-skylight,Meteor Shower Skylight,Special Effects,Special Effects,Secret Cabin,Family Legendary,Secret / Prestige,Hidden,???,Secret night-sky achievement,,650,0.25,No,Yes,Yes,Yes,0,0,Ambient,Room,Bedroom; Common Space,90° steps,Secret; Prestige; Family Legendary,Animated meteor shower,Secret-specific audio hook on inspect,Room ambience / visual effect,Secret Cabin,Hidden in Collection Book until discovered. Do not expose internal unlock condition in player-facing UI.
secret-prestige-secret-cabin-family-game-night-neon-crown,Family Game Night Neon Crown,Wall Decor,Wall Decor,Secret Cabin,Epic,Secret / Prestige,Hidden,???,Secret all-family-session achievement,,300,0.25,No,Yes,Yes,Yes,1,0,Flat,Wall,Bedroom; Common Space,90° steps,Secret; Prestige; Family Legendary,Neon pulse,Secret-specific audio hook on inspect,Inspect / memory card,Secret Cabin,Hidden in Collection Book until discovered. Do not expose internal unlock condition in player-facing UI.
secret-prestige-secret-cabin-impossible-stack-of-dominoes,Impossible Stack of Dominoes,Collectibles,Collectibles,Secret Cabin,Epic,Secret / Prestige,Hidden,???,Secret Mexican Train feat,,280,0.25,No,Yes,Yes,Yes,1,1,Small,Table/Shelf/Wall,Bedroom; Common Space,90° steps,Secret; Prestige; Family Legendary,Tiny wobble loop,Secret-specific audio hook on inspect,Inspect achievement / history,Secret Cabin,Hidden in Collection Book until discovered. Do not expose internal unlock condition in player-facing UI.
secret-prestige-secret-cabin-tiny-tractor-desk-toy,Tiny Tractor Desk Toy,Collectibles,Collectibles,Secret Cabin,Epic,Secret / Prestige,Hidden,???,Secret Prop Hunt tractor achievement,,260,0.25,No,Yes,Yes,Yes,1,1,Small,Table/Shelf/Wall,Bedroom; Common Space,90° steps,Secret; Prestige; Family Legendary,Wheels turn on inspect,Secret-specific audio hook on inspect,Inspect achievement / history,Secret Cabin,Hidden in Collection Book until discovered. Do not expose internal unlock condition in player-facing UI.
secret-prestige-secret-cabin-mystery-red-button,Mystery Red Button,Decorations,Decorations,Secret Cabin,Epic,Secret / Prestige,Hidden,???,Find the hidden button unlock,,250,0.25,No,Yes,Yes,Yes,1,1,Small,Floor/Table/Wall,Bedroom; Common Space,90° steps,Secret; Prestige; Family Legendary,Button blinks occasionally,Secret-specific audio hook on inspect,Decorative,Secret Cabin,Hidden in Collection Book until discovered. Do not expose internal unlock condition in player-facing UI.
secret-prestige-secret-cabin-talking-trophy-moose,Talking Trophy Moose,Wall Decor,Wall Decor,Secret Cabin,Family Legendary,Secret / Prestige,Hidden,???,Secret cabin-wide achievement,,550,0.25,No,Yes,Yes,Yes,1,0,Flat,Wall,Bedroom; Common Space,90° steps,Secret; Prestige; Family Legendary,Eyes blink on inspect,Secret-specific audio hook on inspect,Inspect to show unlock story / achievement date,Secret Cabin,Hidden in Collection Book until discovered. Do not expose internal unlock condition in player-facing UI.
secret-prestige-secret-cabin-ceiling-constellation-projector,Ceiling Constellation Projector,Lighting,Lighting,Secret Cabin,Epic,Secret / Prestige,Hidden,???,Secret nighttime achievement,,300,0.25,No,Yes,Yes,Yes,1,1,Medium,Floor/Wall/Ceiling,Bedroom; Common Space,90° steps,Secret; Prestige; Family Legendary,Animated star field,Secret-specific audio hook on inspect,Toggle / lighting preset,Secret Cabin,Hidden in Collection Book until discovered. Do not expose internal unlock condition in player-facing UI.
secret-prestige-secret-cabin-endless-snack-fridge,Endless Snack Fridge,Storage,Storage,Secret Cabin,Family Legendary,Secret / Prestige,Hidden,???,Secret Gunner snack achievement,,500,0.25,No,Yes,Yes,Yes,2,1,Tall,Floor/Wall,Bedroom; Common Space,90° steps,Secret; Prestige; Family Legendary,Interior light and snack restock loop,Secret-specific audio hook on inspect,Open/inspect later,Secret Cabin,Hidden in Collection Book until discovered. Do not expose internal unlock condition in player-facing UI.
secret-prestige-secret-cabin-rock-throne-for-kelsi,Rock Throne for Kelsi,Seating,Seating,Secret Cabin,Family Legendary,Secret / Prestige,Hidden,???,Secret Kelsi mastery achievement,,500,0.25,No,Yes,Yes,Yes,2,1,Medium,Floor,Bedroom; Common Space,90° steps,Secret; Prestige; Family Legendary,Shiny rock sparkle,Secret-specific audio hook on inspect,Sit animation later,Secret Cabin,Hidden in Collection Book until discovered. Do not expose internal unlock condition in player-facing UI.
secret-prestige-secret-cabin-pink-gmc-garage-door-mural,Pink GMC Garage Door Mural,Wall Decor,Wall Decor,Secret Cabin,Epic,Secret / Prestige,Hidden,???,Secret Vanessa mastery achievement,,300,0.25,No,Yes,Yes,Yes,1,0,Flat,Wall,Bedroom; Common Space,90° steps,Secret; Prestige; Family Legendary,Chrome glint,Secret-specific audio hook on inspect,Inspect / memory card,Secret Cabin,Hidden in Collection Book until discovered. Do not expose internal unlock condition in player-facing UI.
secret-prestige-secret-cabin-papa-s-impossible-recliner,Papa’s Impossible Recliner,Seating,Seating,Secret Cabin,Family Legendary,Secret / Prestige,Hidden,???,Secret Papa achievement,,520,0.25,No,Yes,Yes,Yes,2,1,Medium,Floor,Bedroom; Common Space,90° steps,Secret; Prestige; Family Legendary,Slow recline animation later,Secret-specific audio hook on inspect,Sit animation later,Secret Cabin,Hidden in Collection Book until discovered. Do not expose internal unlock condition in player-facing UI.
secret-prestige-secret-cabin-nana-s-sin-bell,Nana’s Sin Bell,Decorations,Decorations,Secret Cabin,Epic,Secret / Prestige,Hidden,???,Secret Nana achievement,,260,0.25,No,Yes,Yes,Yes,1,1,Small,Floor/Table/Wall,Bedroom; Common Space,90° steps,Secret; Prestige; Family Legendary,Bell jiggle,Secret-specific audio hook on inspect,Decorative,Secret Cabin,Hidden in Collection Book until discovered. Do not expose internal unlock condition in player-facing UI.
secret-prestige-secret-cabin-molly-s-infinite-light-orb,Molly’s Infinite Light Orb,Lighting,Lighting,Secret Cabin,Epic,Secret / Prestige,Hidden,???,Secret Molly mastery achievement,,280,0.25,No,Yes,Yes,Yes,1,1,Medium,Floor/Wall/Ceiling,Bedroom; Common Space,90° steps,Secret; Prestige; Family Legendary,Bouncing light loop,Secret-specific audio hook on inspect,Toggle / lighting preset,Secret Cabin,Hidden in Collection Book until discovered. Do not expose internal unlock condition in player-facing UI.
secret-prestige-secret-cabin-logan-s-indoor-dirt-bike,Logan’s Indoor Dirt Bike,Toys & Hobbies,Toys & Hobbies,Secret Cabin,Family Legendary,Secret / Prestige,Hidden,???,Secret Logan perfect-run achievement,,650,0.25,No,Yes,Yes,Yes,1,1,Small,Floor/Table,Bedroom; Common Space,90° steps,Secret; Prestige; Family Legendary,Wheel spin and suspension idle,Secret-specific audio hook on inspect,Inspect / animation later,Secret Cabin,Hidden in Collection Book until discovered. Do not expose internal unlock condition in player-facing UI.
secret-prestige-secret-cabin-family-time-capsule,Family Time Capsule,Collectibles,Collectibles,Secret Cabin,Family Legendary,Secret / Prestige,Hidden,???,Secret one-year family history achievement,,700,0.25,No,Yes,Yes,Yes,1,1,Small,Table/Shelf/Wall,Bedroom; Common Space,90° steps,Secret; Prestige; Family Legendary,Date glow and memory slideshow,Secret-specific audio hook on inspect,Inspect achievement / history,Secret Cabin,Hidden in Collection Book until discovered. Do not expose internal unlock condition in player-facing UI.
secret-prestige-secret-cabin-cabin-founder-s-grandfather-clock,Cabin Founder’s Grandfather Clock,Wall Decor,Wall Decor,Secret Cabin,Family Legendary,Secret / Prestige,Hidden,???,Secret long-term cabin progression achievement,,750,0.25,No,Yes,Yes,Yes,1,0,Flat,Wall,Bedroom; Common Space,90° steps,Secret; Prestige; Family Legendary,Pendulum animation and hourly chime,Secret-specific audio hook on inspect,Inspect / memory card,Secret Cabin,Hidden in Collection Book until discovered. Do not expose internal unlock condition in player-facing UI.
